Compound,Similarity,Smiles,,,,Smiles
ZINC000002058277,0.765,CCCCCCCNC(=O)C1=CC=C(OC)C=C1,,,,
ZINC000019398296,0.608,COC1=CC=C(C=C1)C(=O)NC[C@H]1CCCNC1,,,,
ZINC000019398294,0.598,COC1=CC=C(C=C1)C(=O)NC[C@@H]1CCCNC1,,,,
ZINC000042771452,0.565,CC(=O)C1=CC=C(OCCC2CCNCC2)C=C1,,,,
ZINC000042771460,0.521,CC(=O)C1=CC=C(OCC[C@H]2CCCNC2)C=C1,,,,
ZINC000042771456,0.513,CC(=O)C1=CC=C(OCC[C@@H]2CCCNC2)C=C1,,,,
ZINC000042771467,0.466,CC(=O)C1=CC=C(OCC[C@H]2CCCCN2)C=C1,,,,
ZINC000042775795,0.465,CC(=O)C1=CC=C(OCC2CCNCC2)C=C1,,,,
ZINC000004454487,0.46,COC1=CC=C(C=C1)C(=O)NCCN1CCCC1,,,,
ZINC000042775787,0.395,CC(=O)C1=CC=C(OC[C@@H]2CCCNC2)C=C1,,,,
ZINC000042775791,0.388,CC(=O)C1=CC=C(OC[C@H]2CCCNC2)C=C1,,,,
CHEMBL9099,1, CCOC(=O)\\C=C(/C)\\C(\\F)=C\\C=C(/C)\\C=C\\C1=C(C)C(C)=C(OC)C=C1Cl,,,,
CHEMBL9076,1, COCCOCCOCC[N+]1(C)CCCC1,,,,
CHEMBL9331,1, CO[C@@H]1[C@H](N)[C@@H](OC)[C@H](O)[C@@H]1O,,,,
CHEMBL8840,1, CC(NC(=O)C1=CC=C(C)C=C1)C(O)=O,,,,
CHEMBL9143,1, CN(CC#C)\\N=N\\C1=CC=C(C=C1)C(O)=O,,,,
CHEMBL8791,1, COCCOCCOCC1CCC[N+]1(C)C,,,,
CHEMBL9113,1, CC1=CC=CC=C1,,,,
CHEMBL8441,1, COC1=CC=C(C=C1)C(=O)NCC(O)=O,,,,
CHEMBL8666,1, CCOC(=O)\\C=C(/C)\\C(\\F)=C\\C=C(/C)\\C=C\\C1=C(C)C(C)=C(OC)C=C1C,,,,
CHEMBL8663,1, CC(CC1=CC=CC=C1)N(C)CC#C,,,,
CHEMBL1163242,1, COC1=CC(OC)=C(\\C=C/C=O)C=C1OC,,,,
CHEMBL8642,1, COC1=CC(CC(C)N)=C(OC)C=C1,,,,
CHEMBL8695,1, CN(CC=C=C)CC1=CC=CC=C1,,,,
CHEMBL8600,1, COC1=CC(C)=C(OC)C=C1CC(C)N,,,,
CHEMBL8551,1, NC1=CC=CC(=C1)C(=O)NCC(O)=O,,,,
CHEMBL8619,1, CC(=O)N(CC(O)=O)C1=C(C)C=CC=C1,,,,
CHEMBL1163246,1, CC(=O)N[C@@H]1[C@@H](NCCCCN)C=C(O[C@H]1[C@H](O)[C@H](O)CO)C(O)=O,,,,
CHEMBL8712,1, NCC(=C=C)C1=CC=CC=C1,,,,
CHEMBL8389,1, COC1=CC(CC(C)N)=C(OC)C=C1OC,,,,
CHEMBL8657,1, CCCCCCCC\\C=C/CCCCCCCCN1C=CN=C1,,,,
CHEMBL8634,1, CCCC[C@@H](C[C@@H](CCC1=CC=C(CCC)C=C1)C(=O)N[C@H](C(=O)NC)C(C)(C)C)C(O)=O,,,,
CHEMBL8569,1, CCCC1=CC(OC)=C(CC(C)N)C=C1OC,,,,
CHEMBL8614,1, CCCCCCCCC1=CC(OC)=C(CC(C)N)C=C1OC,,,,
CHEMBL8706,1, CN(CCCOC1=CC=C(Cl)C=C1Cl)CC#C,,,,
CHEMBL8538,1, COC1=CC=C(C=C1)C(=O)NC(C)C(O)=O,,,,
CHEMBL8607,1, CC(=O)N(CC(O)=O)C1=CC=C(C=C1)[N+]([O-])=O,,,,
CHEMBL9064,1, CC(C=C=C)N(C)CC1=CC=CC=C1,,,,
CHEMBL9060,1, CCCCCCCC\\C=C/CCCCCCCCN1CCOCC1,,,,
CHEMBL8448,1, CCOC(=O)\\C=C(/C)\\C(\\F)=C\\C=C(/C)\\C=C\\C1=C(C)C(Cl)=C(C)C=C1C,,,,
CHEMBL4553171,1, CCC[C@H]1CN(C[C@@H]1N)S(=O)(=O)N(C)CC,,,,
CHEMBL8701,1, COC1=CC=C(C=C1)N(CC(O)=O)C(C)=O,,,,
CHEMBL8956,1, CN(C)CC(CC1=CC=CC=C1)=C=C,,,,
CHEMBL8700,1, CC(=O)N(CC(O)=O)C1=CC=C(O)C=C1,,,,
CHEMBL8604,1, CCOC(=O)\\C=C(/C)\\C(\\F)=C\\C=C(/C)\\C=C\\C1=C(Cl)C(C)=C(OC)C=C1C,,,,
CHEMBL4559928,1, NCCC1=CC=C(C=C)C=C1,,,,
CHEMBL462,1, OC(=O)CNC(=O)C1=CC=C(Cl)C=C1,,,,
CHEMBL8554,1, OC(=O)CNC(=O)C1=C(Cl)C=CC=C1,,,,
CHEMBL8195,1, CC(C)(CO)CCCCOC1=CC=C(OCCCCC(C)(C)CO)C=C1,,,,
CHEMBL3311503,1, COC1=C(O)C=CC(\\C=C\\C(=O)OCC=C(C)C)=C1,,,,
CHEMBL3309331,1, C=CCNC(=O)C1=C(NCC=C)N=CC=C1,,,,
CHEMBL8237,1, COC1=CC(CC(C)N)=C(OC)C=C1C(C)C,,,,
CHEMBL4553653,1, CNC(=O)CN1CCCC(CO)(CCCOC)C1,,,,
CHEMBL8191,1, OC1=CC=CC(CCCCCC(F)(F)C(F)(F)C(F)(F)C(F)(F)C(F)(F)C(F)(F)F)=C1O,,,,
CHEMBL8146,1, CC(C)(CCCOC1=CC(=C(OCCCC(C)(C)C(O)=O)C=C1)C(F)(F)F)C(O)=O,,,,
CHEMBL8486,1, CC(C)[C@H](N)C(=O)N[C@@H](CC1=CC=CC=C1)C(O)=O,,,,
CHEMBL4553595,1, CCC(N)(CC)CNS(=O)(=O)N(C)C1CCCCC1,,,,
CHEMBL8078,1, CC(C)(CCCCOC1=CC(OCCCCC(C)(C)C(O)=O)=CC=C1)C(O)=O,,,,
CHEMBL1163209,1, CCOC(=O)\\C=C/N1N=NN=C1SC,,,,
CHEMBL8190,1, CCCCCC1=CC(OCCCC(C)(C)C(=O)OC)=CC(OCCCC(C)(C)C(=O)OC)=C1,,,,
CHEMBL8233,1, CCC(=O)C1=CC(OC)=C(CC(C)N)C=C1OC,,,,
CHEMBL8100,1, COC1=CC(CC(C)N)=C(OC)C=C1Cl,,,,
CHEMBL456,1, CCC(=C)C(=O)C1=C(Cl)C(Cl)=C(OCC(O)=O)C=C1,,,,
CHEMBL4553664,1, CSCC[C@H](NC(=O)[C@H](CCC(O)=O)NC(=O)[C@H](C)NC(=O)[C@H](CC1=CC=CC=C1)NC(C)=O)C(N)=O,,,,
CHEMBL4553663,1, COC1(CO)CCOC1,,,,
CHEMBL8121,1, CC(O)C1=C(OCCCC(C)(C)C(O)=O)C=CC(OCCCC(C)(C)C(O)=O)=C1,,,,
CHEMBL8118,1, CC(C)(CCCOC1=CC(Cl)=C(OCCCC(C)(C)C(O)=O)C=C1)C(O)=O,,,,
CHEMBL8341,1, COC1=C(CC(NC(=O)OC(C)(C)C)C(O)=O)C=C(C=C1[N+]([O-])=O)[N+]([O-])=O,,,,
CHEMBL4553593,1, COC(=O)C1=CN=C(S1)C(C)=O,,,,
CHEMBL8028,1, COC1=CC(CC(C)N)=C(OC)C=C1N,,,,
CHEMBL8336,1, COC1=CC(C#N)=C(OC)C=C1CC(C)N,,,,
CHEMBL459,1, C[C@](N)(CC1=CC(O)=C(O)C=C1)C(O)=O,,,,
CHEMBL8584,1, COC1=CC(C(O)=O)=C(OC)C=C1CC(C)N,,,,
CHEMBL8160,1, COC(=O)C(C)(C)CCCOC1=CC=CC(OCCCC(C)(C)C(=O)OC)=C1C(C)=O,,,,
CHEMBL457,1, CC1=CC(OCCCC(C)(C)C(O)=O)=C(C)C=C1,,,,
CHEMBL8205,1, COC(=O)C(C)(C)CCCOC1=CC(C(C)=O)=C(OCCCC(C)(C)C(=O)OC)C=C1,,,,
CHEMBL8682,1, OC(=O)CNC(=O)C1=CC=C(C=C1)[N+]([O-])=O,,,,
CHEMBL8681,1, OC(=O)CNC(=O)C1=C(C=CC=C1)[N+]([O-])=O,,,,
CHEMBL8680,1, COC1=C(CC(N)C(O)=O)C=C(C=C1[N+]([O-])=O)[N+]([O-])=O,,,,
CHEMBL8114,1, COC(=O)C(C)(C)CCCOC1=CC=CC(OCCCC(C)(C)C(=O)OC)=C1[N+]([O-])=O,,,,
CHEMBL4553717,1, NC(=O)NC1=CC=C(C=C1)S(F)(=O)=O,,,,
CHEMBL8177,1, COC(=O)C(C)(C)CCCOC1=CC(Br)=C(OCCCC(C)(C)C(=O)OC)C=C1,,,,
CHEMBL8284,1, CC(C)C[C@H](NC(=O)[C@H](CC1=CC=C(OC(C(O)=O)C(O)=O)C=C1)NC(=O)[C@H](CCC(O)=O)NC(=O)[C@H](CC(O)=O)NC(=O)[C@H](C)NC(=O)[C@H](CC(O)=O)NC(C)=O)C(N)=O,,,,
CHEMBL8087,1, CCCCCCCCCCCCCCCC1=CC=CC(O)=C1O,,,,
CHEMBL8086,1, CCOC(=O)C(C)(C)CCCCCCOC1=CC=C(OCCCCCCC(C)(C)C(=O)OCC)C=C1,,,,
CHEMBL8401,1, COC(=O)C(C)(C)CCCOC1=CC(OCCCC(C)(C)C(=O)OC)=C(C)C=C1,,,,
CHEMBL8196,1, CC(C)(CCCOC1=CC(C(O)=O)=C(OCCCC(C)(C)C(O)=O)C=C1)C(O)=O,,,,
CHEMBL8352,1, COC1=CC(O)=C(OC)C=C1CC(C)N,,,,
CHEMBL8351,1, C[C@H](NC(=O)C(C)OC1C(NC(C)=O)C(O)OC1C(COC(C)=O)OC(C)=O)C(=O)NC(CCC(O)=O)C(N)=O,,,,
CHEMBL4553621,1, NCC1=CC(OCC#N)=CC=C1,,,,
CHEMBL3309332,1, CC(C)CCNC(=O)C1=C(NCCC(C)C)N=CC=C1,,,,
CHEMBL8061,1, COC(=O)C1=C(OCCCC(C)(C)C(=O)OC)C=C(OCCCC(C)(C)C(=O)OC)C=C1,,,,
CHEMBL8060,1, COC(=O)C(C)(C)CCCSC1=CC(SCCCC(C)(C)C(=O)OC)=C(Cl)C=C1,,,,
CHEMBL8579,1, CCOC(=O)\\C=C(/C)\\C(\\F)=C\\C=C(/C)\\C=C\\C1=C(Cl)C(C)=C(OC)C=C1Cl,,,,
CHEMBL7730,1, NC(CCC(=O)NC1=CC(O)=CC=C1)C(O)=O,,,,
CHEMBL4553126,1, COCCN1C=C(CNC(=O)NCC(F)F)C=N1,,,,
CHEMBL7705,1, COC(=O)C(C)(C)CCCOC1=CC(OC)=C(OCCCC(C)(C)C(=O)OC)C=C1OC,,,,
CHEMBL8214,1, CCCCC1=CC(OC)=C(CC(C)N)C=C1OC,,,,
CHEMBL7920,1, CC(C)(OC1=CC(OC(C)(C)C(O)=O)=CC=C1)C(O)=O,,,,
CHEMBL7901,1, CCCCCCCCCCCCCCCCCC(=O)OCC1OC(O)C(NC(C)=O)C(O[C@H](C)C(=O)N[C@@H](C)C(=O)NC(CCC(O)=O)C(N)=O)C1O,,,,
CHEMBL8127,1, CC(C)(CCOC1=CC=C(OCCC(C)(C)C(O)=O)C=C1)C(O)=O,,,,
CHEMBL8126,1, CCCCOC(=O)C1=CC(OC)=C(CC(C)N)C=C1OC,,,,
CHEMBL1163196,1, CCCCC1=C(OC)C=C(OC)C(OC)=C1,,,,
CHEMBL7878,1, CC(C)(CCCOC1=CC=C(C=C1)S(=O)CCCC(C)(C)C(O)=O)C(O)=O,,,,
CHEMBL1163189,1, CCCC1=C(O)C=C(OCC(=O)OC)C(OC)=C1,,,,
CHEMBL8123,1, N#CN1CCC1,,,,
CHEMBL7746,1, COC(=O)C(C)(C)CCCOC1=CC(\\C=N\\NC(N)=O)=C(OCCCC(C)(C)C(=O)OC)C=C1,,,,
CHEMBL7725,1, CC1=C(C=CC(N)=C1)C(=O)OCC(O)CNC(C)(C)C,,,,
CHEMBL4553564,1, CCNC1CCOC(C)(C)C1,,,,
CHEMBL8008,1, COC(=O)C(C)(C)CCCOC1=CC=CC(OCCCC(C)(C)C(=O)OC)=C1N,,,,
CHEMBL7701,1, OC[C@H](O)[C@H]1CC[C@H](CO)O1,,,,
CHEMBL8301,1, COC1=CC(CC(C)N)=C(OC)C=C1[N+]([O-])=O,,,,
CHEMBL7984,1, CC1=CC(OCCCC(C)(C)C(O)=O)=C(C)C(C)=C1OCCCC(C)(C)C(O)=O,,,,
CHEMBL7983,1, CCCOC(=O)C1=CC(O)=C(O)C(O)=C1,,,,
CHEMBL3311389,1, CCCCCCCCCCCCNC1=CC=C(O)C(O)=C1,,,,
CHEMBL419,1, NCC1=CC=C(C=C1)S(N)(=O)=O,,,,
CHEMBL7767,1, CC(C)(CCCOC1=CC=C(SCCCC(C)(C)C(O)=O)C=C1)C(O)=O,,,,
CHEMBL4553682,1, CCNC(=O)N1CCNCC1,,,,
CHEMBL1163190,1, COC(=O)COC1=CC=CC=C1C,,,,
CHEMBL8002,1, COC(=O)C(C)(C)CCCOC1=CC(C)=C(OCCCC(C)(C)C(=O)OC)C=C1,,,,
CHEMBL1163202,1, COC1=CC(O)=C(CC=C)C=C1OC,,,,
CHEMBL8225,1, CCOC1=CC(OC)=C(CC(C)N)C=C1OC,,,,
CHEMBL8224,1, CCC1=CC(OC)=C(CC(C)N)C=C1OC,,,,
CHEMBL7911,1, COC(=O)C(C)(C)CCCOC1=CC(=CC(OCCCC(C)(C)C(=O)OC)=C1)C(C)=O,,,,
CHEMBL7885,1, COC(=O)C(C)(C)CCCOC1=CC=CC(OCCCC(C)(C)C(=O)OC)=C1C,,,,
CHEMBL4553152,1, COCCCN(C)S(=O)(=O)C1=CC=C(Br)C=N1,,,,
CHEMBL7849,1, COC(=O)C(C)(C)CCCOC1=CC(F)=C(OCCCC(C)(C)C(=O)OC)C=C1,,,,
CHEMBL7847,1, COC(=O)C(C)(C)CCCOC1=CC=C(OCCCC(C)(C)C(=O)OC)C=C1,,,,
CHEMBL4553716,1, COC1=CC(OC)=C(C(OC)=C1)S(N)(=O)=O,,,,
CHEMBL4553715,1, CC1=CC(CN)=C(C)S1,,,,
CHEMBL8317,1, COC1=CC(CC(C)N)=C(OC)C=C1C(C)(C)C,,,,
CHEMBL7761,1, OC[C@H](NC(=O)C1=C(Br)C=CC=C1)C(O)=O,,,,
CHEMBL7665,1, CC(C)(C)NCC(O)COC(=O)C1=CC(N)=CC=C1,,,,
CHEMBL7664,1, OC(=O)CNC(=O)C1=C(Br)C=CC=C1,,,,
CHEMBL7663,1, CCOC(=O)NCC(C)(C)NCC(O)COC(=O)C1=C(F)C=CC=C1,,,,
CHEMBL1163201,1, CCC1=CC=C(OCC(=O)OC)C(=C1)[N+]([O-])=O,,,,
CHEMBL7930,1, COC(=O)C(C)(C)CCCOC1=CC(C)=C(OCCCC(C)(C)C(=O)OC)C=C1C,,,,
CHEMBL7906,1, COC(=O)C(C)(C)CCCOC1=CC(OC)=C(OCCCC(C)(C)C(=O)OC)C=C1,,,,
CHEMBL7879,1, COC(=O)C(C)(C)CCCOC1=CC(=C(OCCCC(C)(C)C(=O)OC)C=C1)C(C)(C)C,,,,
CHEMBL8042,1, COC(=O)C(C)(C)CCCOC1=CC(OCCCC(C)(C)C(=O)OC)=CC(C)=C1,,,,
CHEMBL1163193,1, CCOC(=O)\\C=C/SC1=C(C=CC=C1)C(C)C,,,,
CHEMBL4553543,1, CN(C)C(=O)NCC(=O)NCCC1=NC(C)=C(C)S1,,,,
CHEMBL7569,1, COC(=O)C(C)(C)CCCOC1=CC(C=O)=C(OCCCC(C)(C)C(=O)OC)C=C1,,,,
CHEMBL7548,1, CC(C)(CCOC1=CC(Cl)=C(OCCC(C)(C)C(O)=O)C=C1)C(O)=O,,,,
CHEMBL432,1, NCC(O)C1=CC=C(O)C(O)=C1,,,,
CHEMBL7394,1, COC(=O)C(C)(C)CCCOC1=CC(OCCCC(C)(C)C(=O)OC)=CC=C1,,,,
CHEMBL7459,1, CC(C)NCC(O)COC(=O)C1=CC=CC(=C1)[N+]([O-])=O,,,,
CHEMBL7434,1, CC(C)NCC(O)COC(=O)C1=CC=C(NC(C)=O)C=C1,,,,
CHEMBL4553714,1, CC(C)CCCC(C)CCOC1=C[N+](CC(O)(P(O)(O)=O)P(O)(O)=O)=CC=C1,,,,
CHEMBL4553712,1, CN(CC(F)(F)F)C(=O)CN1CCCC(CCO)C1,,,,
CHEMBL7951,1, CCCCCCCCCCCCC1=C(OCCCC(C)(C)C(O)=O)C=C(OCCCC(C)(C)C(O)=O)C=C1,,,,
CHEMBL7566,1, CC(C)(CCCOC1=CC(Cl)=C(OCCCC(C)(C)C(O)=O)C=C1Cl)C(O)=O,,,,
CHEMBL7605,1, C[C@@H](NC(=O)C1=C(Br)C=CC=C1)C(O)=O,,,,
CHEMBL7476,1, CCCCCCCCCCCC[C@@H](O)[C@H]1CC[C@H](CO)O1,,,,
CHEMBL7545,1, CCCC(O)C1=C(OCCCC(C)(C)C(O)=O)C=CC(OCCCC(C)(C)C(O)=O)=C1,,,,
CHEMBL7521,1, NC(CCC(=O)NC1=C(O)C=CC=C1)C(O)=O,,,,
CHEMBL7386,1, CC1=C(C=CC(=C1)[N+]([O-])=O)C(=O)OCC(O)CNC(C)(C)C,,,,
CHEMBL4553581,1, CCCCCCCC(C)(O)\\C=C\\[C@@H](NC(=O)OCC1=CC=CC=C1)C(=O)OC,,,,
CHEMBL7362,1, CNC(=O)NCC(C)(C)NCC(O)COC(=O)C1=C(F)C=CC=C1,,,,
CHEMBL7561,1, OC(=O)C[C@H](NC(=O)C1=C(Br)C=CC=C1)C(O)=O,,,,
CHEMBL7625,1, COC(=O)C(C)(C)CCCOC1=CC(OCCCC(C)(C)C(=O)OC)=C(C=O)C=C1,,,,
CHEMBL7604,1, CC1=CC(SCCCC(C)(C)C(O)=O)=C(C)C=C1OCCCC(C)(C)C(O)=O,,,,
CHEMBL1163180,1, CCN(CC)C(=S)SC(CC(C)=O)C1=CC=CC=C1,,,,
CHEMBL1163195,1, CCOC(=O)\\C=C/OC1=CC=CC=C1C,,,,
CHEMBL7467,1, CC(C)(CNC(N)=O)NCC(O)COC(=O)C1=C(F)C=CC=C1,,,,
CHEMBL7694,1, CC(C)NCC(O)COC(=O)C1=CC=C(C=C1)C#N,,,,
CHEMBL7692,1, CC(C)(C)NCC(O)COC(=O)C1=CC(O)=CC=C1,,,,
CHEMBL7557,1, COC(=O)C(C)(C)CCCOC1=CC=CC(OC)=C1OCCCC(C)(C)C(=O)OC,,,,
CHEMBL7622,1, CC(C)NCC(O)COC(=O)C1=C(Cl)C=CC=C1,,,,
CHEMBL4553561,1, OCC1=C(Cl)N=CS1,,,,
CHEMBL7620,1, CC1=CC=CC(=C1)C(=O)OCC(O)CNC(C)(C)C,,,,
CHEMBL38,1, C\\C(\\C=C\\C1=C(C)CCCC1(C)C)=C/C=C/C(/C)=C/C(O)=O,,,,
CHEMBL7576,1, CC(C)[C@H](NC(=O)C1=C(Br)C=CC=C1)C(O)=O,,,,
CHEMBL1163194,1, CCOC(=O)\\C=C/OC1=CC=C(F)C=C1,,,,
CHEMBL434,1, CC(C)NCC(O)C1=CC(O)=C(O)C=C1,,,,
CHEMBL7484,1, CCCOC1=C(C=CC=C1)C(=O)OCC(O)CNC(C)C,,,,
CHEMBL3311009,1, CC[C@H](C)C1=C(OCCCCN(CC)CC)C=CC=C1,,,,
CHEMBL7688,1, COC(=O)C(C)(C)CCCOC1=C(OCCCC(C)(C)C(=O)OC)C=CC=C1,,,,
CHEMBL7313,1, CC(C)(C)NCC(O)COC(=O)C1=CC=C(F)C=C1,,,,
CHEMBL7312,1, CC(C)(C)NCC(O)COC(=O)C1CCCC1,,,,
CHEMBL3310984,1, CCCC(C)NS(=O)(=O)C1=CC=C(C)C=C1,,,,
CHEMBL7310,1, CC(C)NCC(O)COC(=O)C1=CC=C(N)C=C1,,,,
CHEMBL7570,1, CCC(O)C1=C(OCCCC(C)(C)C(O)=O)C=CC(OCCCC(C)(C)C(O)=O)=C1,,,,
CHEMBL6995,1, CC(C)NCC(O)COC1=CC=C(NC(C)=O)C=C1,,,,
CHEMBL7596,1, NC(CCC(=O)N1CSCC1C(O)=O)C(O)=O,,,,
CHEMBL7195,1, CC(C)C(=O)NCC(C)(C)NCC(O)COC(=O)C1=C(F)C=CC=C1,,,,
CHEMBL7503,1, NC(CCC(=O)N1CCCC1C(O)=O)C(O)=O,,,,
CHEMBL7214,1, CCNC(=O)N[C@@H](CCSC)C(=O)N[C@@H](CC(C)C)C(=O)N[C@@H](CC1=CC=CC=C1)C(O)=O,,,,
CHEMBL25,1, CC(=O)OC1=CC=CC=C1C(O)=O,,,,
CHEMBL24,1, CC(C)NCC(O)COC1=CC=C(CC(N)=O)C=C1,,,,
CHEMBL7034,1, CSCC[C@H](NC(=O)NC(C)C)C(=O)N[C@@H](CC(C)C)C(=O)N[C@@H](CC1=CC=CC=C1)C(O)=O,,,,
CHEMBL7280,1, OC[C@@H](NC(=O)C1=C(Br)C=CC=C1)C(O)=O,,,,
CHEMBL7591,1, COC(=O)C(C)(C)CCCCCOC1=C(OCCCCCC(C)(C)C(=O)OC)C=CC=C1,,,,
CHEMBL7100,1, NC(=O)CC[C@H](NC(=O)C1=C(Br)C=CC=C1)C(O)=O,,,,
CHEMBL7168,1, NC(=N)NCCC[C@H](NC(=O)C1=C(Br)C=CC=C1)C(O)=O,,,,
CHEMBL7335,1, OC(=O)[C@H](CS)NC(=O)C1=C(Br)C=CC=C1,,,,
CHEMBL7204,1, NNC1=CC=C(C=C1)S(N)(=O)=O,,,,
CHEMBL7182,1, CC(C)(C)NCC(O)COC(=O)CCCC1=CC=CC=C1,,,,
CHEMBL7337,1, CC1=C(C=CC=C1)C(=O)OCC(O)CNC(C)(C)C,,,,
CHEMBL7336,1, CC(C)(C)NCC(O)COC(=O)C1=CC=NC=C1,,,,
CHEMBL7092,1, NC1=C(Cl)C=C(C=C1)S(N)(=O)=O,,,,
CHEMBL7087,1, NCCC1=CC=C(C=C1)S(N)(=O)=O,,,,
CHEMBL7518,1, CC[C@H](C)[C@H](NC(=O)C1=C(Br)C=CC=C1)C(O)=O,,,,
CHEMBL7024,1, CC(C)(C)NCC(O)COC(=O)C1=C(F)C=CC=C1,,,,
CHEMBL6999,1, CC(C)(C)NCC(O)COC(=O)C1=CC=C(C=C1)[N+]([O-])=O,,,,
CHEMBL7268,1, COCCOCCOC(=O)\\C=C(/C)\\C=C\\C=C(/C)\\C=C\\C1=C(C)CCCC1(C)C,,,,
CHEMBL7112,1, NCCCC[C@H](NC(=O)C1=C(Br)C=CC=C1)C(O)=O,,,,
CHEMBL7181,1, CNC(=O)N[C@@H](CCSC)C(=O)N[C@@H](CC(C)C)C(=O)N[C@@H](CC1=CC=CC=C1)C(O)=O,,,,
CHEMBL7332,1, CC(C)NCC(O)COC(=O)C1=CC(OCC=C)=CC=C1,,,,
CHEMBL21,1, NC1=CC=C(C=C1)S(N)(=O)=O,,,,
CHEMBL7085,1, CC(=O)NCC1=CC(CN)=CC=C1,,,,
CHEMBL6920,1, CC(C)NCC(O)COC1=C(C)C=CC=C1,,,,
CHEMBL6919,1, NS(=O)(=O)C1=CC=C(CO)C=C1,,,,
CHEMBL13,1, COCCC1=CC=C(OCC(O)CNC(C)C)C=C1,,,,
CHEMBL7249,1, CC(=O)NCC(C)(C)NCC(O)COC(=O)C1=C(F)C=CC=C1,,,,
CHEMBL6853,1, NC1=C(F)C=C(C=C1)S(N)(=O)=O,,,,
CHEMBL6852,1, NC1=CC=CC(=C1)S(N)(=O)=O,,,,
CHEMBL7154,1, CC(C)NCC(O)COC1=CC=CC=C1,,,,
CHEMBL20,1, CC(=O)NC1=NN=C(S1)S(N)(=O)=O,,,,
CHEMBL6737,1, COC1=CC(C[C@@H](C)N)=C(OC)C=C1,,,,
CHEMBL6915,1, CCC(NC(=O)C(CS)C(C)C1=CC=CC=C1)C(O)=O,,,,
CHEMBL30,1, CNC(NCCSCC1=C(C)N=CN1)=NC#N,,,,
CHEMBL3310244,1, CCC(C)NC(C)C(O)C1=CC=CC=C1,,,,
CHEMBL3310225,1, CCCCCCCCCCCCCCCC(=O)NC1=C(C)C(C)=C(O)C(C)=N1,,,,
CHEMBL6957,1, CC(C)NCC(O)COC(=O)C1=CC(C)=CC=C1,,,,
CHEMBL6931,1, CC(C)C(=O)C1=C(O)C(C(=O)C(C)C)=C(O)C=C1O,,,,
CHEMBL7234,1, CC(C)(C)NCC(O)COC(=O)C1=CC=C(C=O)C=C1,,,,
CHEMBL6840,1, CC(C)NCC(O)COC(=O)C1=CC=C(C)C=C1,,,,
CHEMBL6863,1, CC(C)NCC(O)COC(=O)C1=CC=C(F)C=C1,,,,
CHEMBL6981,1, CC(C)NCC(O)COC(=O)C1=CC(F)=CC=C1,,,,
CHEMBL6974,1, CC(C)NCC(O)COC(=O)C1=CC=C(CO)C=C1,,,,
CHEMBL7307,1, CCCOC1=CC=CC(=C1)C(=O)OCC(O)CNC(C)C,,,,
CHEMBL7306,1, CSCC[C@H](NC(N)=O)C(=O)N[C@@H](CC(C)C)C(=O)N[C@@H](CC1=CC=CC=C1)C(O)=O,,,,
CHEMBL6724,1, NC1=C(Br)C=C(C=C1)S(N)(=O)=O,,,,
CHEMBL7303,1, COC(=O)C1=CCCN(C)C1,,,,
CHEMBL6300,1, COC(=O)C(N)CNC(=O)NC1=CC=C(C=C1)[N+]([O-])=O,,,,
CHEMBL6882,1, CC(C)(C)NCC(O)COC(=O)C1=CC=C(OCC=C)C=C1,,,,
CHEMBL6559,1, CCCN(NC(=O)[C@H]1CCCN1C(=O)[C@@H](NC(=O)[C@@H](NC(=O)[C@H](CC(O)=O)NC(=O)[C@H](CCC(O)=O)NC(=O)[C@@H](NC(=O)[C@H](CC(O)=O)NC(C)=O)[C@@H](C)O)C(C)C)C(C)C)C(=O)CCC,,,,
CHEMBL6255,1, COCCCNC(=O)\\C=C\\C1=CC=C(C=C1)C(C)C,,,,
CHEMBL6251,1, N[C@@H](CCC(=O)NC1=CC=C(C=C1)[N+]([O-])=O)C(O)=O,,,,
CHEMBL6784,1, NS(=O)(=O)C1=CC=C(CCO)C=C1,,,,
CHEMBL1159,1, CC(N\\C(NC1=CC=NC=C1)=N/C#N)C(C)(C)C,,,,
CHEMBL3309715,1, CC1(C[N+](C)(C)C)COCCO1,,,,
CHEMBL6607,1, COC1=CC(Br)=C(OC)C=C1CC(C)N,,,,
CHEMBL6878,1, CC(C)(C)NCC(O)COC(=O)C1=CC=C(N)C=C1,,,,
CHEMBL6602,1, NCC(=O)N[C@@H](CCCNC(N)=N)C(=O)NCC(=O)N[C@@H](CC(O)=O)C(=O)N[C@@H](CO)C(=O)N1CCC[C@H]1C(O)=O,,,,
CHEMBL6705,1, NC1=C(C=CC=C1)S(N)(=O)=O,,,,
CHEMBL6870,1, CN(C)S(=O)(=O)NCC(C)(C)NCC(O)COC(=O)C1=C(F)C=CC=C1,,,,
CHEMBL6267,1, COC(=O)C(N)COC(=O)NC1=CC=C(C=C1)[N+]([O-])=O,,,,
CHEMBL3309897,1, CC(=O)NC1=C(C)C(C)=C(O)C(C)=N1,,,,
CHEMBL3309676,1, CC(=O)NCCOC1=C(C=CC(Br)=C1)C(=O)NCCCC[C@H](NC(=O)N[C@@H](CCC(O)=O)C(O)=O)C(O)=O,,,,
CHEMBL3309670,1, CC(=O)N(CCCC[C@H](NC(=O)N[C@@H](CCC(O)=O)C(O)=O)C(O)=O)CC1=CC=CC=C1,,,,
CHEMBL6285,1, COC(=O)C(N)CCC(=O)NC1=CC=C(C=C1)[N+]([O-])=O,,,,
CHEMBL6620,1, COC1=CC(CC(C)N)=C(OC)C=C1C(F)(F)F,,,,
CHEMBL6467,1, CSC1=CC=C(CC(C)N)C=C1,,,,
CHEMBL6537,1, CCCCCCCCCCCCCCCCCCNC(=O)OCCSCCOC(=O)N(CC1=[N+](CC)C=CC=C1)C(C)=O,,,,
CHEMBL6535,1, CC(C)NCC(O)COC(=O)C1=CC=C(O)C=C1,,,,
CHEMBL6368,1, CC(N)CC1=CC=C(I)C=C1,,,,
CHEMBL6616,1, COC1=CC(CC(C)N)=C(OC)C=C1I,,,,
CHEMBL1207533,1, COP(O)(=O)C(=O)OC1=CC=CC=C1,,,,
CHEMBL4116151,1, C[N+](C)(C)CCC1=CC=CC(OC(F)(F)F)=C1,,,,
CHEMBL4116150,1, COC1=CC(CC[N+](C)(C)C)=C(F)C=C1,,,,
CHEMBL409999,1, CC(C)C[C@H](NC(=O)[C@H](CC(C)C)NC(=O)[C@H](CC(C)C)NC(=O)[C@H](CC(C)C)NC(=O)[C@H](CO)NC(=O)[C@@H](NC(=O)[C@H](CC1=CC=C(O)C=C1)NC(=O)[C@H](CC(C)C)NC(=O)[C@@H](N)CC(N)=O)C(C)C)C(O)=O,,,,
CHEMBL1213094,1, CCCCCC1=CC=C(NC(P(O)(O)=O)P(O)(O)=O)C=C1,,,,
CHEMBL503500,1, CC(C)[C@H](NC(=O)[C@H](CCCNC(N)=N)NC(=O)[C@H](CCCCN)NC(=O)[C@H](CCCCN)NC(=O)[C@H](CCCNC(N)=N)NC(=O)[C@H](CCCNC(N)=N)NC(=O)[C@H](CCCNC(N)=N)NC(=O)[C@H](C)NC(=O)[C@H](CCCNC(N)=N)NC(=O)[C@@H]1CCCN1C(=O)[C@@H](N)[C@@H](C)O)C(N)=O,,,,
CHEMBL414319,1, CC[C@H](C)[C@H](NC(=O)[C@H](CC(C)C)NC(=O)[C@H](CCCNC(N)=N)NC(=O)CNC(=O)[C@@H](NC(=O)[C@H](CC(C)C)NC(=O)C1=CC=CC=N1)[C@@H](C)CC)C(N)=O,,,,
CHEMBL405,1, CC(N)CC1=CC=CC=C1,,,,
CHEMBL418,1, NC1=CC(=C(C=C1S(N)(=O)=O)S(N)(=O)=O)C(F)(F)F,,,,
CHEMBL3309354,1, CC1=NO[N+]([O-])=C1S(N)(=O)=O,,,,
CHEMBL3309353,1, CC1=[N+]([O-])ON=C1S(N)(=O)=O,,,,
CHEMBL3309352,1, CC1=NON=C1S(N)(=O)=O,,,,
CHEMBL414958,1, CC(C)C[C@H](NC(=O)CNC(=O)[C@@H]1CCCN1C(=O)[C@@H](N)CCCNC(N)=N)C(=O)N[C@@H](CC(C)C)C(=O)N[C@@H](CC(O)=O)C(=O)N[C@@H](C)C(=O)N[C@@H](CCCCN)C(O)=O,,,,
CHEMBL154832,1, CCCCCCCCCCCCCCOC1=CC=C(\\C=C(/C)C(=O)OCC)C=C1,,,,
CHEMBL216785,1, CC[C@H](C)[C@H](N)C(=O)N[C@@H](CC(N)=O)C(=O)N[C@@H](CC(C)C)C(=O)N[C@@H]([C@@H](C)CC)C(=O)N[C@@H]([C@@H](C)O)C(=O)N[C@@H](CCCNC(N)=N)C(=O)N[C@@H](CCC(N)=O)C(=O)N[C@@H](CCCNC(N)=N)C(=O)N[C@@H](CC1=CC=C(O)C=C1)C(O)=O,,,,
CHEMBL3309338,1, CCCCCC(C)(C)NC1=C(C=CC=N1)C(=O)NCC=C,,,,
CHEMBL502303,1, CNC(=O)CC[C@@H](NC(=O)[C@@H](C)[C@@H](NC(=O)[C@H](CCCNC(N)=N)NC(=O)C[C@@H](NC(=O)[C@H](CCCNC(N)=N)NC(=O)[C@@H](C)NC(=O)C(C)=O)C(O)=O)\\C=C\\C(\\C)=C\\[C@H](C)[C@H](CC1=CC=CC=C1)OC)C(O)=O,,,,
CHEMBL3309327,1, C=CC(=O)NC1=CN=CC=C1,,,,
CHEMBL410797,1, CC[C@@H](C)[C@H](NC(=O)[C@H](NC(=O)[C@@H](NC(=O)CNC(=O)[C@H](C)NC(=O)[C@H](CC1=CC=C(O)C=C1)NC(C)=O)[C@@H](C)O)C(C)C)C(=O)N[C@@H](CC(N)=O)C(=O)N[C@@H](CC(O)=O)C(=O)N[C@@H](CC(C)C)C(O)=O,,,,
CHEMBL1214092,1, NC(=N)NCCC[C@H](NC(=O)[C@H](CC(O)=O)NC(=O)[C@H](CCC(N)=O)NC(=O)[C@H](CCCNC(N)=N)NC(=O)C1=C(N)C=CC=C1)C(O)=O,,,,
CHEMBL414792,1, CC(C)C[C@H](N)CNCC(=O)NCC(=O)N[C@@H](CC1=CC=CC=C1)C(=O)N[C@@H]([C@@H](C)O)C(=O)NCC(=O)N[C@@H](C)C(=O)N[C@@H](CCCNC(N)=N)C(=O)N[C@@H](CCCCN)C(=O)N[C@@H](CO)C(=O)N[C@@H](C)C(=O)N[C@@H](CCCNC(N)=N)C(=O)N[C@@H](CCCCN)C(N)=O,,,,
CHEMBL1189651,1, CSC1=CC(=CC(CN)=C1O)C(C)(C)C,,,,
CHEMBL1178041,1, CC(=O)NCCCCC\\C=C(/NC(=O)C1CC1(C)C)C(O)=O,,,,
CHEMBL1184294,1, C[N+](C)(C)CC(=O)NCC(=O)NCC[N+]1(C)CCOCC1,,,,
CHEMBL1182846,1, C[N+](CCCl)(CCCl)CC1=CC(=CC(=C1)[N+]([O-])=O)[N+]([O-])=O,,,,
CHEMBL1160541,1, CC1=CC(CNC(=N)CC(N)=S)=C(C)C=C1CNC(N)=NC(N)=S,,,,
CHEMBL1159526,1, OC[C@H]1OC(OP(O)(O)=O)[C@H](O)[C@@H](O)[C@H]1O,,,,
CHEMBL1082898,1, CCC(CC)C(=O)NCCC1=CC=C(C=C1)S(N)(=O)=O,,,,
CHEMBL1170642,1, CC[C@H](C)[C@H](NC(=O)[C@@H](NC(=O)[C@H](CC(C)C)NC(=O)[C@@H](N)CC1=CC=CC=C1)[C@@H](C)O)C(=O)N[C@@H](C)C(=O)N[C@@H](CCCNC(N)=N)C(O)=O,,,,
CHEMBL164375,1, NCC(C#C)C1=CC=CC=C1,,,,
CHEMBL1180192,1, CCCN(CC1=CC=CC(CN(CCC)C(N)=N)=N1)C(N)=N,,,,
CHEMBL1185027,1, N[C@@H](CCCNC(N)=N[N+]([O-])=O)C(=O)N[C@H]1CCN[C@@H]1C(N)=O,,,,
CHEMBL1159576,1, CCCCCC\\C=C\\CCCCCCCC(=O)OC[C@H](CO[C@@H]1O[C@H](CO)[C@H](O)[C@H](O)[C@H]1O)OC(=O)CCCCCCC\\C=C\\C\\C=C\\CCCCC,,,,
CHEMBL1185068,1, NCC1=CC=CC(CNC(=O)CI)=C1,,,,
CHEMBL1185515,1, COCCOCCOCC[N+]1(C)CCCC1COCCOCCOC,,,,
CHEMBL1186096,1, CC(CCOC(=O)C1=CC=CC=C1)N(C)C,,,,
CHEMBL1161944,1, CCCCCCCOC1=CC=C(C=C1)C(O)=O,,,,
CHEMBL1162209,1, COC1=C(O)C=C(C=C1OS(O)(=O)=O)C(O)=O,,,,
CHEMBL1200455,1, CC(=O)N(CC(O)CO)C1=C(I)C(C(=O)NCC(O)CO)=C(I)C(C(=O)NCC(O)CO)=C1I,,,,
CHEMBL1161567,1, COC1=C(O)C=CC(=C1)C(=O)N(O)CCOC(=O)[C@@H](N)CCSC,,,,
CHEMBL607490,1, ON(CCCP(O)(O)=O)C(=O)CCC1=CC=CC=C1,,,,
CHEMBL1096822,1, CC(C)CNC(=O)C1=C(SC(C)C)C=CC(=C1)S(N)(=O)=O,,,,
CHEMBL1213533,1, CCOC(=O)[C@H]1O[C@@H]1C(=O)N(CC(C)C)NC(=O)[C@H](CC(C)C)NC(C)=O,,,,
CHEMBL1159612,1, C[C@@H](N)C(=O)N[C@@H](CCC(N)=O)C(=O)NCCCCCCCCCCCCO[C@]1(O[C@@H](CO)[C@H](O)[C@@H](O)[C@H]1O)C(C)=O,,,,
CHEMBL1076637,1, N[C@H](CC1=CC=C(O)C=C1)C(O)=O,,,,
CHEMBL1077272,1, COC(=O)\\C=C/C(=O)NC1=CC=C(C)C=C1,,,,
CHEMBL1162291,1, FC1CCNCC1,,,,
CHEMBL1161558,1, COC1=C(O)C=CC(CC(=O)NCCOC(=O)[C@@H](N)CCSC)=C1,,,,
CHEMBL1093690,1, CC(=O)NCC[C@@H](NS(=O)(=O)C1=CC=C(Br)C=C1)C(=O)NO,,,,
CHEMBL162786,1, COC(=O)C(=O)C(CC=C)NC(=O)[C@H]1CCCN1C(=O)[C@@H](NC(=O)[C@@H](NC(=O)[C@H](CCC(=O)OC(C)(C)C)NC(=O)[C@H](CC(=O)OC(C)(C)C)NC(=O)OC(C)(C)C)C(C)C)C(C)C,,,,
CHEMBL1091561,1, CCOC1=CC=C(OC)C=C1CCCNC(C)=O,,,,
CHEMBL1161924,1, CC(=O)N[C@@H](CCCCNCC1=CC(OCC(O)=O)=CC=C1)C(N)=O,,,,
CHEMBL1160711,1, CC(C)NC[C@H](O)C1=CC(O)=C(NS(C)(=O)=O)C=C1,,,,
CHEMBL1090628,1, CC[C@H](C)[C@H](N)C(=O)N[C@@H](CCCCN)C(=O)N[C@@H]([C@@H](C)O)C(=O)N[C@@H](CCCCN)C(=O)N[C@@H](CCCCN)C(=O)N[C@@H](CC1=CC=CC=C1)C(=O)N[C@@H](CC(C)C)C(=O)N[C@@H](CCCCN)C(=O)N[C@@H](CCCCN)C(=O)N[C@@H]([C@@H](C)O)C(O)=O,,,,
CHEMBL1159444,1, CCCCCCCCCCCCCC(=O)NCC(NC(=O)CCCCCCCCCCCCC)C(=O)NCCNC(=O)C(O)C(O)C(O[C@@H]1O[C@H](CO)[C@H](O)[C@H](O)[C@H]1O)C(O)CO,,,,
CHEMBL1160429,1, C[C@@H](NC(=O)[C@H](C)NC(=O)CC1=CC=CC=C1)C(O)=O,,,,
CHEMBL1159610,1, C[C@@H](N)C(=O)N[C@@H](CCC(N)=O)C(=O)NCCCCCCO[C@]1(O[C@@H](CO)[C@H](O)[C@@H](O)[C@H]1O)C(C)=O,,,,
CHEMBL1077287,1, OC(=O)\\C=C\\C(=O)NC1=CC=C(Cl)C(Cl)=C1,,,,
CHEMBL603735,1, C\\C(=C/C1=CC=CC=C1)\\C(\\C)=N\\O,,,,
CHEMBL157397,1, CCC1=CC=C(C=C1)N(O)C(C)=O,,,,
CHEMBL1077444,1, NC(=O)C[C@H](NC(=O)CS)C(=O)N[C@@H](CC1=CC=CC=C1)C(N)=O,,,,
CHEMBL454492,1, CNC1=C(N)C(=NC(=N1)C#N)N(C)C,,,,
CHEMBL1089574,1, CC(C)C[C@H](NC(=O)CNC(=O)[C@H](CC(C)C)NC(=O)[C@H](CC1=CNC=N1)NC(=O)[C@H](CO)NC(C)=O)C(=O)N[C@@H](C)C(=O)N[C@@H](CCCNC(N)=N)C(O)=O,,,,
CHEMBL589268,1, CCOC(=O)C(=C/NC1=CC=CC(=C1)C(=O)OCC)\\C#N,,,,
CHEMBL1089585,1, CCCC[C@H](NC(=O)[C@H](CC1=CNC=N1)NC(=O)[C@H](CO)NC(C)=O)C(=O)N[C@@H](CC(C)C)C(=O)N[C@@H](CC(C)C)C(=O)N[C@@H](C)C(=O)N[C@@H](CCCNC(N)=N)C(O)=O,,,,
CHEMBL1083884,1, OCCOCCCCCCNCC(O)C1=CC(CO)=C(O)C=C1,,,,
CHEMBL1089576,1, CC(C)C[C@H](NC(C)=O)C(=O)N[C@@H](CC1=CNC=N1)C(=O)N[C@@H](CC(C)C)C(=O)NCC(=O)N[C@@H](CC(C)C)C(=O)N[C@@H](C)C(=O)N[C@@H](CCCNC(N)=N)C(O)=O,,,,
CHEMBL263010,1, CC[C@H](C)[C@H](NC(=O)[C@H](CC1=CC=C(OC(C(O)=O)C(O)=O)C=C1)NC(=O)[C@H](CC(N)=O)NC(=O)[C@H](CC(C)C)NC(C)=O)C(=O)N[C@@H](CC(O)=O)C(=O)N[C@@H](CC(C)C)C(=O)N[C@@H](CC(O)=O)C(=O)N[C@@H](CC(C)C)C(=O)N[C@@H](C(C)C)C(N)=O,,,,
CHEMBL574930,1, CC(C)C[C@H](NC(=O)[C@H](CCC(O)=O)NC(=O)[C@H](CCCCN)NC(=O)[C@H](CO)NC(=O)[C@H](CO)NC(=O)OCC1=CC=CC=C1)C=O,,,,
CHEMBL574928,1, CC(C)C[C@H](NC(=O)[C@H](CCCCN)NC(=O)[C@H](CCCCN)NC(=O)[C@H](CO)NC(=O)[C@H](CO)NC(=O)OCC1=CC=CC=C1)C=O,,,,
CHEMBL1082278,1, CC(C)C[C@H](NC(=O)[C@H](CC(N)=O)NC(=O)\\C=C\\C(=O)N[C@@H](C)C(=O)NCC(=O)N[C@@H](CC1=CC=CC=C1)C(O)=O)C(=O)N[C@@H](C)C(=O)N[C@@H](C(C)C)C(N)=O,,,,
CHEMBL1091683,1, CC(=O)N[C@H](CO)C(=O)NCC1=CC=C(C=C1)N=C=S,,,,
CHEMBL569918,1, CC(C)[C@H](NC(=O)[C@H](CCCNC(N)=N)NC(C)=O)C(=O)N[C@@H](CCCNC(N)=N)C(=O)NCC1=CC=C(C=C1)C(N)=N,,,,
CHEMBL156901,1, COC1=C(OCC(O)CNC(C)C)C=CC=C1,,,,
CHEMBL158670,1, COC1CC[C@H](OO1)[C@H](C)O,,,,
CHEMBL1083240,1, CC[C@H](C)[C@H](NC(=O)[C@H](CCC(N)=O)NC(=O)\\C=C\\C(=O)NCC(=O)NCC(=O)N[C@@H](CC1=CC=CC=C1)C(O)=O)C(=O)N[C@@H](C)C(=O)N[C@@H](C(C)C)C(N)=O,,,,
CHEMBL590250,1, CC(C)N(CCO)CCC(=O)C1=CC=C(C=C1)C#N,,,,
CHEMBL1084953,1, CN(C)CCCC(C)(C)C1=CC=C(C=C1)C(C)(C)C,,,,
CHEMBL154818,1, CCCC[C@H](NC(=O)OC(C(C)C)C(C)C)C(=O)C(=O)NC1=NNC(C)=C1,,,,
CHEMBL1083581,1, CCCCCCCCCCCCCCCCCCCCCCC(=O)N[C@@H](CO[C@H]1O[C@H](CO)[C@@H](O)[C@H](O)[C@H]1O)[C@H](O)[C@H](O)CCCCCCCCCCCCCC,,,,
CHEMBL1089598,1, CC(=O)N[C@H](COCC#C)C(=O)NCC1=CC=C(C=C1)N=C=S,,,,
CHEMBL1089589,1, CC(C)C[C@H](NC(=O)[C@H](CC(C)C)NC(=O)[C@H](C)NC(=O)[C@H](CC1=CNC=N1)NC(=O)[C@H](CO)NC(C)=O)C(=O)N[C@@H](C)C(=O)N[C@@H](CCCNC(N)=N)C(O)=O,,,,
CHEMBL553616,1, CCNC(CC1=CC(C)=CC=C1)=NCC,,,,
CHEMBL524317,1, CCC[C@@H](C)[C@H](OC(=O)\\C=C\\C1=CC=CC=C1)[C@H](C)[C@H](O)C\\C=C\\C=C/C(N)=O,,,,
CHEMBL154687,1, CC(C)C(NC(C)=O)C(=O)NCC1=CC=CC=C1,,,,
CHEMBL1207983,1, CO[C@H]1O[C@H](CCS(O)(=O)=O)[C@@H](O)[C@H](O)[C@@H]1O,,,,
CHEMBL558954,1, CC[C@H](C)[C@@H](OC(=O)[C@@H](NC(=O)[C@@H](C)OCC1=CC=CC=C1)C(C)C)C(=O)N[C@H](C(C)C)C(=O)O[C@@H](C)C(=O)N[C@@H](C(C)C)C(=O)O[C@H]([C@@H](C)CC)C(=O)N[C@H](C(C)C)C(=O)OC(C)(C)C,,,,
CHEMBL538901,1, CC(C)=CCC\\C(C)=C\\CC\\C(C)=C\\CSC1=C(C=C(N)C=C1)C(O)=O,,,,
CHEMBL1619760,1, CC(C)(C)C(=O)CN1C=[N+](N)C=N1,,,,
CHEMBL157267,1, CN1CCC=C(C1)C(C)=O,,,,
CHEMBL154940,1, CC(NC(=O)C(C)(C)C)C(=O)NCC1=CC=CC=C1,,,,
CHEMBL574851,1, CC(C)C[C@H](NC(=O)[C@H](CCC(N)=O)NC(=O)[C@H](CCCCN)NC(=O)[C@H](CO)NC(=O)[C@H](CO)NC(=O)OCC1=CC=CC=C1)C=O,,,,
CHEMBL540674,1, OC(=O)C(CC1=CC=C(O)C=C1)NC(=O)CC(S)C(F)(F)F,,,,
CHEMBL554192,1, CC(=N)NC1=CC=C(F)C=C1,,,,
CHEMBL554554,1, CCCCNCC1=CC(OC)=C(O)C(OC)=C1,,,,
CHEMBL541956,1, CC(=O)NC[C@@H](NS(=O)(=O)C1=CC=CC=C1)C(O)=O,,,,
CHEMBL526874,1, C[C@@H](O)[C@H](N)C(=O)N1CCC[C@H]1C(=O)N[C@@H](CCCNC(N)=N)C(=O)N[C@@H](CCC(O)=O)C(=O)N[C@@H](CCCNC(N)=N)C(=O)N[C@@H](CCCNC(N)=N)C(=O)N[C@@H](CCCNC(N)=N)C(=O)N[C@@H](CCCCN)C(=O)N[C@@H](CCCCN)C(=O)N[C@@H](C)C(=O)NCC(O)=O,,,,
CHEMBL504059,1, CC[C@H](C)[C@H](NC(=O)[C@H](CO)NC(=O)[C@@H](N)CC1=CC=CC=C1)C(=O)NCC(=O)N[C@@H](CCCNC(N)=N)C(=O)N[C@@H](CC(C)C)C(O)=O,,,,
CHEMBL503047,1, C[C@@H](O)[C@H](N)C(=O)N1CCC[C@H]1C(=O)N[C@@H](CCCNC(N)=N)C(=O)N[C@@H](CCC(O)=O)C(=O)N[C@@H](C)C(=O)N[C@@H](C)C(=O)N[C@@H](CCCNC(N)=N)C(=O)N[C@@H](CCCCN)C(=O)N[C@@H](CCCCN)C(=O)N[C@@H](CCCNC(N)=N)C(=O)NCC(O)=O,,,,
CHEMBL503342,1, CC(C)[C@H](NC(=O)[C@H](CCCNC(N)=N)NC(=O)[C@H](CCCCN)NC(=O)[C@H](CCCCN)NC(=O)[C@H](CCCNC(N)=N)NC(=O)[C@H](CCCNC(N)=N)NC(=O)[C@H](CCCNC(N)=N)NC(=O)[C@H](CCC(O)=O)NC(=O)[C@H](CCCNC(N)=N)NC(=O)[C@@H]1CCCN1C(=O)[C@@H](N)[C@@H](C)O)C(O)=O,,,,
CHEMBL500269,1, CSCCNC(=O)NS(=O)(=O)C1=CC(Cl)=CC=C1,,,,
CHEMBL539442,1, CC(=O)NC1=C(NC(C)=O)C=C(C(O)=O)C(F)=C1,,,,
CHEMBL541764,1, CCCCCCS(=O)(=O)NCCCC1=CNC(N)=N1,,,,
CHEMBL504351,1, CC\\C=C/C\\C=C/C\\C=C/CCCCCCCC(=O)OC[C@H](CO[C@@H]1O[C@H](CO)[C@H](O)[C@H](O)[C@H]1O)OC(=O)CCCCCCC\\C=C/C\\C=C/C\\C=C/CC,,,,
CHEMBL500527,1, CCCCCCCCCCCCCCCCCC(=O)N[C@@H](CO[C@H]1O[C@H](CO)[C@H](O)[C@H](O)[C@H]1O)[C@H](O)[C@H](O)CCCCCCCCCCCCCC,,,,
CHEMBL526190,1, C[C@@H](O)[C@H](N)C(=O)N1CCC[C@H]1C(=O)N[C@@H](CCCNC(N)=N)C(=O)N[C@@H](CO)C(=O)N[C@@H](CCCNC(N)=N)C(=O)N[C@@H](CCCNC(N)=N)C(=O)N[C@@H](CCCNC(N)=N)C(=O)N[C@@H](CCCCN)C(=O)N[C@@H](CCCCN)C(=O)N[C@@H](CCCNC(N)=N)C(=O)NCC(N)=O,,,,
CHEMBL503814,1, NC(=S)N\\N=C\\CC(=O)C1=CC=CC=C1,,,,
CHEMBL502978,1, CCCCCCC(C)C[C@@H](NC(=O)C(C)(C)NC(=O)C(C)(C)NC(=O)[C@H](CC(C)CC(O)CC(=O)CC)NC(=O)[C@@H]1CCCN1C(=O)CCC)C(=O)N[C@@H](CC(C)C)C(=O)NC(C)(C)C(=O)N[C@@H](CC(C)C)C(=O)NCCC(=O)NC(C)CNCCO,,,,
CHEMBL526181,1, C[C@@H](O)[C@H](N)C(=O)N1CCC[C@H]1C(=O)N[C@@H](CCCNC(N)=N)C(=O)N[C@@H](C)C(=O)N[C@@H](CCCNC(N)=N)C(=O)N[C@@H](CCCNC(N)=N)C(=O)N[C@@H](CCCNC(N)=N)C(=O)N[C@@H](CCCCN)C(=O)N[C@@H](CCCCN)C(=O)N[C@@H](CCCNC(N)=N)C(=O)N[C@@H](CC(N)=O)C(N)=O,,,,
CHEMBL526115,1, C[C@@H](O)[C@H](N)C(=O)N1CCC[C@H]1C(=O)N[C@@H](CCCNC(N)=N)C(=O)N[C@@H](CCC(O)=O)C(=O)N[C@@H](CCCNC(N)=N)C(=O)N[C@@H](CCCNC(N)=N)C(=O)N[C@@H](CCCNC(N)=N)C(=O)N[C@@H](CCCCN)C(=O)N[C@@H](C)C(=O)N[C@@H](CCCNC(N)=N)C(=O)NCC(O)=O,,,,
CHEMBL509348,1, NC(=N)NCCC[C@H](NC(=O)[C@@H](S)CC1=CC=CC=C1)C(O)=O,,,,
CHEMBL499523,1, CC(C)(C)C(N)C(=O)N1CCCC1C#N,,,,
CHEMBL498849,1, CCNC1=CC=C(NC(N)=N)C=C1,,,,
CHEMBL504429,1, OP(O)(=O)C(CSC1=NC=CN1)P(O)(O)=O,,,,
CHEMBL499101,1, N[C@@H](CC(O)=O)C(=O)N1CCCC1,,,,
CHEMBL498967,1, C[C@@H](O)[C@H](N)C(=O)N1CCC[C@H]1C(=O)N[C@@H](CCCNC(N)=N)C(=O)N[C@@H](CCC(O)=O)C(=O)N[C@@H](CCCNC(N)=N)C(=O)N[C@@H](CCCNC(N)=N)C(=O)N[C@@H](C)C(=O)N[C@@H](CCCCN)C(=O)N[C@@H](CCCCN)C(=O)N[C@@H](CCCNC(N)=N)C(O)=O,,,,
CHEMBL498962,1, CC[C@H](C)[C@H](NC(=O)[C@@H](NC(=O)[C@@H](N)CC1=CC=CC=C1)[C@@H](C)O)C(=O)NCC(=O)N[C@@H](CCCNC(N)=N)C(=O)N[C@@H](CC(C)C)C(O)=O,,,,
CHEMBL526690,1, CC(C)[C@H](NC(=O)[C@H](CCCNC(N)=N)NC(=O)[C@H](CCCCN)NC(=O)[C@H](C)NC(=O)[C@H](CCCNC(N)=N)NC(=O)[C@H](CCCNC(N)=N)NC(=O)[C@H](CCCNC(N)=N)NC(=O)[C@H](CCC(O)=O)NC(=O)[C@H](CCCNC(N)=N)NC(=O)[C@@H]1CCCN1C(=O)[C@@H](N)[C@@H](C)O)C(O)=O,,,,
CHEMBL526689,1, C[C@@H](O)[C@H](N)C(=O)N1CCC[C@H]1C(=O)N[C@@H](CCCNC(N)=N)C(=O)N[C@@H](C)C(=O)N[C@@H](C)C(=O)N[C@@H](CCCNC(N)=N)C(=O)N[C@@H](CCCNC(N)=N)C(=O)N[C@@H](CCCCN)C(=O)N[C@@H](CCCCN)C(=O)N[C@@H](CCCNC(N)=N)C(O)=O,,,,
CHEMBL552742,1, CCCCCCOC1=CC(N(C)C)=C(C=C1)C(=O)CCN(C)C,,,,
CHEMBL504237,1, CC(C)CNCC(C)(C)NCC(=O)N1C[C@@H](F)C[C@H]1C#N,,,,
CHEMBL538377,1, CC[C@H](C)[C@@H](OC(=O)[C@@H](NC(=O)[C@H](C)OCC1=CC=CC=C1)C(C)C)C(=O)N[C@H](C(C)C)C(=O)O[C@@H](C)C(=O)N[C@@H](C(C)C)C(=O)O[C@H]([C@@H](C)CC)C(=O)N[C@H](C(C)C)C(=O)O[C@@H](C)C(=O)N[C@@H](C(C)C)C(=O)O[C@H](CC(C)C)C(=O)N[C@H](C(C)C)C(=O)OC(C)(C)C,,,,
CHEMBL500451,1, CC(C)[C@H](NC(=O)[C@H](CCCNC(N)=N)NC(=O)[C@H](CCCCN)NC(=O)[C@H](CCCCN)NC(=O)[C@H](CCCNC(N)=N)NC(=O)[C@H](C)NC(=O)[C@H](CCCNC(N)=N)NC(=O)[C@H](CCC(O)=O)NC(=O)[C@H](CCCNC(N)=N)NC(=O)[C@@H]1CCCN1C(=O)[C@@H](N)[C@@H](C)O)C(O)=O,,,,
CHEMBL503713,1, CC(C)C[C@H](NC(=O)[C@H](C)NC(=O)[C@H](CCCCN)NC(=O)[C@@H](NC(=O)[C@H](C)NC(=O)[C@H](CCCNC(N)=N)NC(=O)[C@@H](S)CC1=CC=CC=C1)[C@@H](C)O)C(O)=O,,,,
CHEMBL525940,1, C[C@@H](O)[C@H](N)C(=O)N1CCC[C@H]1C(=O)N[C@@H](C)C(=O)N[C@@H](C)C(=O)N[C@@H](CCCNC(N)=N)C(=O)N[C@@H](CCCNC(N)=N)C(=O)N[C@@H](CCCNC(N)=N)C(=O)N[C@@H](CCCCN)C(=O)N[C@@H](CCCCN)C(=O)N[C@@H](CCCNC(N)=N)C(=O)N(C)CC(O)=O,,,,
CHEMBL503660,1, OC(=O)CNC(=O)SC1=CC=CC=N1,,,,
CHEMBL507207,1, CC[C@H](C)[C@@H](CO)NS(=O)(=O)C1=CC=C(C=C1)C(F)(F)F,,,,
CHEMBL503495,1, CC(C)[C@H](NC(=O)[C@H](CCCNC(N)=N)NC(=O)[C@H](CCCCN)NC(=O)[C@H](CCCCN)NC(=O)[C@H](CCCNC(N)=N)NC(=O)[C@H](CCCNC(N)=N)NC(=O)[C@H](C)NC(=O)[C@H](C)NC(=O)[C@H](C)NC(=O)[C@@H]1CCCN1C(=O)[C@@H](N)[C@@H](C)O)C(O)=O,,,,
CHEMBL507116,1, CC(C)P(O)(=O)C1=CCC(N)C1,,,,
CHEMBL506996,1, C[C@@H](O)[C@H](N)C(=O)N1CCC[C@H]1C(=O)N[C@@H](CCCNC(N)=N)C(=O)N[C@@H](C)C(=O)N[C@@H](CCCNC(N)=N)C(=O)N[C@@H](CCCNC(N)=N)C(=O)N[C@@H](CCCNC(N)=N)C(=O)N[C@@H](CCCCN)C(=O)N[C@@H](CCCCN)C(=O)N[C@@H](CCCNC(N)=N)C(=O)N[C@@H](CO)C(O)=O,,,,
CHEMBL500219,1, C[C@@H](O)[C@H](NC(=O)[C@H](CO)NC(=O)[C@@H](N)CCCCN)C(=O)NCC(=O)NCC(=O)N[C@@H](CCCCNC(N)=O)C(=O)N[C@@H](C)C(=O)N1CCC[C@H]1C(=O)N[C@@H](CCCNC(N)=N)C(=O)N[C@@H](CCCCN)C(=O)N[C@@H](CCC(N)=O)C(O)=O,,,,
CHEMBL541498,1, CC(O)=CC(=O)C1=CN=CC=C1,,,,
CHEMBL501770,1, CC1=CC(=C(Cl)C=C1)S(=O)(=O)NC(CCC(N)=O)C(N)=O,,,,
CHEMBL504184,1, O[C@H]1CCN[C@H](C1)C(O)=O,,,,
CHEMBL500058,1, C[C@@H](O)[C@H](N)C(=O)N1CCC[C@H]1C(=O)N[C@@H](CCCNC(N)=N)C(=O)N[C@@H](CC(O)=O)C(=O)N[C@@H](CCCNC(N)=N)C(=O)N[C@@H](CCCNC(N)=N)C(=O)N[C@@H](CCCNC(N)=N)C(=O)N[C@@H](CCCCN)C(=O)N[C@@H](CCCCN)C(=O)N[C@@H](CCCNC(N)=N)C(=O)NCC(O)=O,,,,
CHEMBL502642,1, C[C@@H](O)[C@H](N)C(=O)N1CCC[C@H]1C(=O)N[C@@H](CCCNC(N)=N)C(=O)N[C@@H](C)C(=O)N[C@@H](CCCNC(N)=N)C(=O)N[C@@H](CCCNC(N)=N)C(=O)N[C@@H](CCCNC(N)=N)C(=O)N[C@@H](CCCCN)C(=O)N[C@@H](CCCCN)C(=O)N[C@@H](CCCNC(N)=N)C(=O)N[C@@H]([C@@H](C)O)C(N)=O,,,,
CHEMBL503725,1, CCOC(=O)C(O)(C1=CC=CN1)C(F)(F)F,,,,
CHEMBL499906,1, CCCNC(=O)[C@H](N)[C@@H](O)C1=CC=C(C=C1)[N+]([O-])=O,,,,
CHEMBL499809,1, CC(C)CSC1=CC(SCC(C)C)=NC(SCC(C)C)=N1,,,,
CHEMBL155263,1, CC(C#CCN1CCCC1)N(C)S(C)(=O)=O,,,,
CHEMBL1203252,1, CC(C)NC(=N)NC(=N)NOCCCOC1=CC=C(C)C(C)=C1,,,,
CHEMBL263614,1, CCCCCCO[C@H]1C=C(O[C@@H]([C@H](O)[C@H](O)CO)[C@@H]1NC(C)=O)C(O)=O,,,,
CHEMBL443602,1, COC(=O)[C@H]1C[C@H](O)CCN1,,,,
CHEMBL445177,1, CCCCCC\\C=C/CCCCCCCC1=C(C(O)=O)C(O)=CC=C1,,,,
CHEMBL444432,1, CC(C)C[C@H](NC(=O)[C@H](CC1=CC=CC=C1)NC(=O)[C@H](CNC(=O)CCCCCF)NC(=O)[C@H](CO)NC(=O)CN)C(N)=O,,,,
CHEMBL438997,1, CC[C@H](C)[C@H](NC(=O)[C@H](CC1=CC=C(OP(O)(O)=O)C=C1)NC(=O)[C@H](CC(N)=O)NC(=O)[C@H](CC(C)C)NC(C)=O)C(=O)N[C@@H](CC(O)=O)C(=O)N[C@@H](CC(C)C)C(=O)N[C@@H](CC(O)=O)C(=O)N[C@@H](CC(C)C)C(=O)N[C@@H](C(C)C)C(N)=O,,,,
CHEMBL265216,1, CNC(=O)[C@H](CCCNC(=O)OC(C)(C)C)NC(=O)[C@H](CCCC1=CC=CC=C1)[C@@](C)(O)C(=O)NO,,,,
CHEMBL444987,1, CC(C)=CCC\\C(C)=C\\C=C\\C(=O)N1CCCC1,,,,
CHEMBL501093,1, CC(C)C[C@H](NC(=O)[C@H](CCCNC(N)=N)NC(=O)[C@H](CCCCN)NC(=O)[C@H](CCCCN)NC(=O)[C@H](CCCNC(N)=N)NC(=O)[C@H](CCCNC(N)=N)NC(=O)[C@H](CCCNC(N)=N)NC(=O)[C@H](C)NC(=O)[C@H](CCCNC(N)=N)NC(=O)[C@@H]1CCCN1C(=O)[C@@H](N)[C@@H](C)O)C(N)=O,,,,
CHEMBL500702,1, C[C@@H](O)[C@H](N)C(=O)N1CCC[C@H]1C(=O)N[C@@H](CCCNC(N)=N)C(=O)N[C@@H](CCCCN)C(=O)N[C@@H](CCCNC(N)=N)C(=O)N[C@@H](CCCNC(N)=N)C(=O)N[C@@H](CCCNC(N)=N)C(=O)N[C@@H](CCCCN)C(=O)N[C@@H](CCCCN)C(=O)N[C@@H](CCCNC(N)=N)C(=O)NCC(N)=O,,,,
CHEMBL409812,1, CCCCCCCCCCCCCC(=O)NCC1=CC=C(C=C1)C(=O)N[C@@H]([C@@H](C)CC)C(O)=O,,,,
CHEMBL155287,1, ONC(=O)C1=CC=C(I)C=C1,,,,
ZINC001560410038,1, CCN(C)C(=O)OC1=CC=CC(=C1)C(C)N(C)C,,,,
ZINC000096028236,0.999, CCNC(=O)OC1=CC=CC(=C1)[C@@H](C)N(C)C,,,,
ZINC000096028237,0.999, CCNC(=O)OC1=CC=CC(=C1)[C@H](C)N(C)C,,,,
ZINC000013492195,0.999, C[C@H](N(C)C)C1=CC=CC(OC(=O)N(C)C)=C1,,,,
ZINC000013492194,0.999, C[C@@H](N(C)C)C1=CC=CC(OC(=O)N(C)C)=C1,,,,
ZINC000000187950,0.987, CN(C)CC1=CC=C(C)C=C1OC(=O)N(C)C,,,,
ZINC000000187893,0.978, CN(C)CC1=CC=CC=C1OC(=O)N(C)C,,,,
ZINC000000187959,0.978, CN(C)CC1=C(OC(=O)N(C)C)C(C)=CC=C1,,,,
ZINC000034822215,0.977, CN[C@H](C)C1=CC=CC(OC(C)C)=C1,,,,
ZINC000000317428,0.975, CN(C)CC1=CC(C)=CC=C1OC(=O)N(C)C,,,,
ZINC000034822388,0.974, CCN[C@H](C)C1=CC=CC(OC(C)C)=C1,,,,
ZINC000034822387,0.974, CCN[C@@H](C)C1=CC=CC(OC(C)C)=C1,,,,
ZINC000034822216,0.973, CN[C@@H](C)C1=CC=CC(OC(C)C)=C1,,,,
ZINC000034402092,0.973, COC1=CC=CC(=C1)[C@@H](C)N(C)C,,,,
ZINC000034402091,0.973, COC1=CC=CC(=C1)[C@H](C)N(C)C,,,,
ZINC000034821878,0.971, CCOC1=CC=CC(=C1)[C@@H](C)NC,,,,
ZINC000019880622,0.971, COC1=CC=CC(=C1)[C@H](C)NC(C)C,,,,
ZINC000019880620,0.971, COC1=CC=CC(=C1)[C@@H](C)NC(C)C,,,,
ZINC000034821867,0.97, CN[C@H](C)C1=CC=CC(OCC(C)C)=C1,,,,
ZINC000019476444,0.968, CCN[C@H](C)C1=CC=CC(OC)=C1,,,,
ZINC000151992198,0.968, CCOC1=CC=CC(=C1)[C@@H](C)NC(C)C,,,,
ZINC000019883092,0.968, COC1=CC=CC(=C1)[C@@H](C)NCC(C)C,,,,
ZINC000019476442,0.968, CCN[C@@H](C)C1=CC=CC(OC)=C1,,,,
ZINC000034822232,0.968, CCN[C@H](C)C1=CC=CC(OCC)=C1,,,,
ZINC000151992288,0.968, CCOC1=CC=CC(=C1)[C@H](C)NC(C)C,,,,
ZINC000019883093,0.968, COC1=CC=CC(=C1)[C@H](C)NCC(C)C,,,,
ZINC000034821869,0.967, CN[C@@H](C)C1=CC=CC(OCC(C)C)=C1,,,,
ZINC000034821880,0.967, CCOC1=CC=CC(=C1)[C@H](C)NC,,,,
ZINC000034822231,0.967, CCN[C@@H](C)C1=CC=CC(OCC)=C1,,,,
ZINC000019088602,0.967, CN[C@H](C)C1=CC=CC(OC)=C1,,,,
ZINC000019088599,0.966, CN[C@@H](C)C1=CC=CC(OC)=C1,,,,
ZINC000150945616,0.965, CCOC1=CC=CC(=C1)[C@@H](C)NCC(C)C,,,,
ZINC000019433498,0.965, CCCN[C@H](C)C1=CC=CC(OC)=C1,,,,
ZINC000034822179,0.965, CCCOC1=CC=CC(=C1)[C@@H](C)NC,,,,
ZINC000034822351,0.965, CCCOC1=CC=CC(=C1)[C@@H](C)NCC,,,,
ZINC000150945659,0.965, CCOC1=CC=CC(=C1)[C@H](C)NCC(C)C,,,,
ZINC000019433496,0.965, CCCN[C@@H](C)C1=CC=CC(OC)=C1,,,,
ZINC000019882283,0.964, CC[C@H](C)N[C@@H](C)C1=CC=CC(OC)=C1,,,,
ZINC000019882286,0.964, CC[C@@H](C)N[C@H](C)C1=CC=CC(OC)=C1,,,,
ZINC000019882280,0.964, CC[C@@H](C)N[C@@H](C)C1=CC=CC(OC)=C1,,,,
ZINC000019882288,0.963, CC[C@H](C)N[C@H](C)C1=CC=CC(OC)=C1,,,,
ZINC000034822405,0.963, CCCN[C@@H](C)C1=CC=CC(OCC)=C1,,,,
ZINC000034822225,0.963, CCN[C@@H](C)C1=CC=CC(OCC(C)C)=C1,,,,
ZINC000034822180,0.962, CCCOC1=CC=CC(=C1)[C@H](C)NC,,,,
ZINC000034822226,0.961, CCN[C@H](C)C1=CC=CC(OCC(C)C)=C1,,,,
ZINC000034822406,0.961, CCCN[C@H](C)C1=CC=CC(OCC)=C1,,,,
ZINC000019907019,0.959, CCCCN[C@@H](C)C1=CC=CC(OC)=C1,,,,
ZINC000004691873,0.959, CCN(CC)CC1=CC=CC(OC(C)=O)=C1,,,,
ZINC000034821876,0.958, CCCCOC1=CC=CC(=C1)[C@H](C)NC,,,,
ZINC000021957494,0.958, COC1=CC=CC(=C1)[C@@H](C)NC1CC1,,,,
ZINC000034821874,0.957, CCCCOC1=CC=CC(=C1)[C@@H](C)NC,,,,
ZINC000021957498,0.957, COC1=CC=CC(=C1)[C@H](C)NC1CC1,,,,
ZINC000019907020,0.955, CCCCN[C@H](C)C1=CC=CC(OC)=C1,,,,
ZINC000000051282,0.952, CN[C@@H](C)C1=CC=C(OC)C(OC)=C1,,,,
ZINC000000051283,0.952, CN[C@H](C)C1=CC=C(OC)C(OC)=C1,,,,
ZINC000001667178,0.952, CN[C@@H](CC1=CC=CC=C1)C1=CC=CC(OC)=C1,,,,
ZINC000011757523,0.95, CC[C@@H](NC)C1=CC=CC(OC)=C1,,,,
ZINC000011757524,0.95, CC[C@H](NC)C1=CC=CC(OC)=C1,,,,
ZINC000034822113,0.949, CC[C@H](C)OC1=CC=CC(=C1)[C@H](C)NC,,,,
ZINC000034822109,0.947, CC[C@H](C)OC1=CC=CC(=C1)[C@@H](C)NC,,,,
ZINC000034822111,0.947, CC[C@@H](C)OC1=CC=CC(=C1)[C@H](C)NC,,,,
ZINC000019565666,0.947, COC1=CC=CC(CNCCC2=CC=CC=C2)=C1,,,,
ZINC000006481902,0.946, CN[C@H](CC1=CC=CC=C1)C1=CC=CC(OC)=C1,,,,
ZINC000034822107,0.946, CC[C@@H](C)OC1=CC=CC(=C1)[C@@H](C)NC,,,,
ZINC000032497125,0.945, CCN(CC)[C@@H](CN)C1=CC=CC(OC)=C1,,,,
ZINC000034822352,0.943, CCCOC1=CC=CC(=C1)[C@H](C)NCC,,,,
ZINC000071793094,0.943, CCN(CC(N)=O)[C@@H](C)C1=CC=CC(OC)=C1,,,,
ZINC000032497126,0.941, CCN(CC)[C@H](CN)C1=CC=CC(OC)=C1,,,,
ZINC000008729984,0.941, CN(C)CCNC(=O)OC1=CC=CC=C1,,,,
ZINC000011757543,0.94, CCC[C@H](NC)C1=CC=CC(OC)=C1,,,,
ZINC000000251770,0.94, CN[C@@H](C)C1=CC(OC)=CC=C1OC,,,,
ZINC000019735778,0.939, COC1=CC=CC(=C1)[C@H](CN)N(C)C,,,,
ZINC000032014093,0.939, CC(C)OC1=CC=CC(CNC(C)(C)C)=C1,,,,
ZINC000011757542,0.938, CCC[C@@H](NC)C1=CC=CC(OC)=C1,,,,
ZINC000071793095,0.938, CCN(CC(N)=O)[C@H](C)C1=CC=CC(OC)=C1,,,,
ZINC000006882575,0.935, COC1=CC=CC(CNC(C)(C)C)=C1,,,,
ZINC000019735777,0.935, COC1=CC=CC(=C1)[C@@H](CN)N(C)C,,,,
ZINC000000251772,0.934, CN[C@H](C)C1=CC(OC)=CC=C1OC,,,,
ZINC000032090040,0.933, COC1=CC=CC(CN(C(C)C)C(=O)CN)=C1,,,,
ZINC000020274165,0.933, COC1=CC=CC(CCNCC2=CC=CC=C2)=C1,,,,
ZINC000222638131,0.932, CCN[C@@H](CC)C1=CC=C(OCC)C(OC)=C1,,,,
ZINC000222638204,0.932, CCN[C@H](CC)C1=CC=C(OCC)C(OC)=C1,,,,
ZINC000000250782,0.932, COC1=CC=CC(CNCC2=CC=CC=C2)=C1,,,,
ZINC000034816346,0.932, CCNCC1=CC=CC(OC(C)C)=C1,,,,
ZINC000034816146,0.932, CNCC1=CC=CC(OC(C)C)=C1,,,,
ZINC000222637987,0.932, CCOC1=CC=C(C=C1OC)[C@@H](CC)NC,,,,
ZINC000001592120,0.932, COC1=CC(=CC(CN(C)C)=C1O)C(C)(C)C,,,,
ZINC000010436076,0.931, COC1=CC=CC(CNC(C)C)=C1,,,,
ZINC000006702963,0.93, CCOC1=CC=CC(CNC(C)(C)C)=C1,,,,
ZINC000008325241,0.929, CCOC1=CC=CC(CNCC2=CC=CC=C2)=C1,,,,
ZINC000040492289,0.929, COC1=CC=CC(CNCC(C)(C)C)=C1,,,,
ZINC000010436079,0.928, CCOC1=CC=CC(CNC(C)C)=C1,,,,
ZINC000036947860,0.927, CCCNCC1=CC=C(C)C(OC)=C1,,,,
ZINC000032014092,0.927, CC[C@H](C)NCC1=CC=CC(OC(C)C)=C1,,,,
ZINC000032014091,0.926, CC[C@@H](C)NCC1=CC=CC(OC(C)C)=C1,,,,
ZINC000020305363,0.926, COC1=CC=CC(CN[C@H](C)C(C)C)=C1,,,,
ZINC000020924710,0.923, CCCOC1=CC=CC(CNC(C)(C)C)=C1,,,,
ZINC000005379658,0.922, COC1=CC=C(CNC(C)(C)C)C=C1OC,,,,
ZINC000037680572,0.922, CC[C@@H](NCC1=CC=CC(OC)=C1)C(C)C,,,,
ZINC000037533226,0.921, COC1=CC(=CC=C1)C(N)C1=CC(OC)=CC=C1,,,,
ZINC000006883639,0.921, COC1=CC=CC(CNCC(C)C)=C1,,,,
ZINC000037680570,0.92, CC[C@H](NCC1=CC=CC(OC)=C1)C(C)C,,,,
ZINC000020305361,0.92, COC1=CC=CC(CN[C@@H](C)C(C)C)=C1,,,,
ZINC000079420902,0.92, CCN(CC1=CC=CC(OC)=C1)C(=O)[C@H](C)N,,,,
ZINC000008326764,0.919, CCOC1=CC=CC(CN[C@@H](C)CC)=C1,,,,
ZINC000019091403,0.919, COC1=CC=CC(=C1)C(C)(C)N,,,,
ZINC000135120516,0.919, CCCN[C@@H](CC)C1=CC=CC(OC)=C1OC,,,,
ZINC000019776908,0.919, CCCOC1=CC=CC(CNC)=C1,,,,
ZINC000008325197,0.918, CCOC1=CC=CC(CNCC(C)C)=C1,,,,
ZINC000022145416,0.918, CN[C@H](C)C1=CC=C(OC(C)C)C=C1,,,,
ZINC000013495653,0.918, COC1=CC=CC(=C1)[C@@H](N)C1=CC=CC=C1,,,,
ZINC000135120533,0.918, CCCN[C@H](CC)C1=CC=CC(OC)=C1OC,,,,
ZINC000019436671,0.917, CCN[C@@H](C)C1=CC=C(OC(C)C)C=C1,,,,
ZINC000022145414,0.917, CN[C@@H](C)C1=CC=C(OC(C)C)C=C1,,,,
ZINC000147002087,0.917, CCN[C@@H](CC)C1=CC=CC(OC)=C1OC,,,,
ZINC000019883734,0.917, CCC(CC)NCC1=CC=CC(OC)=C1,,,,
ZINC000013718042,0.917, COC1=CC=CC(CNCCC(C)C)=C1,,,,
ZINC000008326012,0.916, CC[C@@H](C)NCC1=CC=CC(OC)=C1,,,,
ZINC000019737246,0.916, CC(C)OC1=CC=CC(=C1)[C@@H](C)N,,,,
ZINC000019840954,0.916, COC1=CC(=CC(OC)=C1)[C@H](CN)N(C)C,,,,
ZINC000013495655,0.915, COC1=CC=CC(=C1)[C@H](N)C1=CC=CC=C1,,,,
ZINC000022171721,0.915, CC(C)COC1=CC=CC(=C1)[C@H](C)N,,,,
ZINC000199620395,0.915, CCNC1(CCCCC1)C1=CC=CC(OC)=C1,,,,
ZINC000032014082,0.914, CCCCNCC1=CC=CC(OC(C)C)=C1,,,,
ZINC000019840951,0.914, COC1=CC(=CC(OC)=C1)[C@@H](CN)N(C)C,,,,
ZINC000034822217,0.914, CN[C@@H](C)C1=CC=CC(OC2CCCC2)=C1,,,,
ZINC000008326763,0.914, CC[C@H](C)NCC1=CC=CC(OC)=C1,,,,
ZINC000007262398,0.913, CCCNCC1=CC=CC(OC)=C1,,,,
ZINC000006697959,0.913, COC1=CC=CC(CNCC2=CC=C(C)C=C2)=C1,,,,
ZINC000147002266,0.913, CCN[C@H](CC)C1=CC=CC(OC)=C1OC,,,,
ZINC000034822218,0.913, CN[C@H](C)C1=CC=CC(OC2CCCC2)=C1,,,,
ZINC000037680262,0.913, CC[C@@H](C)CNCC1=CC=CC(OC)=C1,,,,
ZINC000000263200,0.913, COC1=CC=C(CNC(C)C)C=C1OC,,,,
ZINC000019436673,0.913, CCN[C@H](C)C1=CC=C(OC(C)C)C=C1,,,,
ZINC000013718044,0.913, CCC(C)(C)NCC1=CC=CC(OC)=C1,,,,
ZINC000006704510,0.912, COC1=CC=CC(CNC(C)(C)C)=C1OC,,,,
ZINC000004685557,0.912, COC1=CC(OC)=CC(CNC(C)C)=C1,,,,
ZINC000020084532,0.912, CCN[C@@H](C)C1=CC=C(OCC(C)C)C=C1,,,,
ZINC000037680264,0.911, CC[C@H](C)CNCC1=CC=CC(OC)=C1,,,,
ZINC000008227300,0.911, CCNCC1=CC=CC(OCC)=C1,,,,
ZINC000037467025,0.911, COC1=CC=CC(=C1)[C@H](N)C(C)(C)C,,,,
ZINC000019737247,0.91, CC(C)OC1=CC=CC(=C1)[C@H](C)N,,,,
ZINC000084388795,0.91, CC[C@H](NC)C1=CC=CC(OC)=C1OC,,,,
ZINC000032014354,0.91, COC1=CC=CC(CN(CCN)C(C)C)=C1,,,,
ZINC000037467022,0.91, COC1=CC=CC(=C1)[C@@H](N)C(C)(C)C,,,,
ZINC000022171718,0.91, CC(C)COC1=CC=CC(=C1)[C@@H](C)N,,,,
ZINC000008326014,0.909, CCOC1=CC=CC(CN[C@H](C)CC)=C1,,,,
ZINC000008324673,0.909, CCOC1=CC=C(CNC(C)(C)C)C=C1OC,,,,
ZINC000007262399,0.909, CCCNCC1=CC=CC(OCC)=C1,,,,
ZINC000005973587,0.909, CCCCNCC1=CC=CC(OC)=C1,,,,
ZINC000008227299,0.909, CCNCC1=CC=CC(OC)=C1,,,,
ZINC000000409317,0.908, COC1=CC=CC(CN(C)C)=C1,,,,
ZINC000020083811,0.907, CN[C@@H](C)C1=CC=C(OCC(C)C)C=C1,,,,
ZINC000004703384,0.906, CCC(CC)NCC1=CC=C(OC)C(OC)=C1,,,,
ZINC000019737245,0.906, CCCOC1=CC=CC(=C1)[C@H](C)N,,,,
ZINC000007260716,0.906, CCC(C)(C)NCC1=CC=C(OC)C(OC)=C1,,,,
ZINC000019802115,0.906, CCN[C@@H](C)C1=CC=C2OCCCOC2=C1,,,,
ZINC000003705304,0.906, CCOC1=CC=CC(=C1)[C@@H](C)N,,,,
ZINC000076611190,0.906, CCN(CC1=CC=CC(OC)=C1)C(=O)CN,,,,
ZINC000004685504,0.906, CCC(CC)NCC1=CC=CC(OC)=C1OC,,,,
ZINC000008325184,0.905, CCOC1=CC=CC(CNC)=C1,,,,
ZINC000035577816,0.905, CCCN[C@H](CC)C1=CC(OC)=CC=C1OC,,,,
ZINC000040119935,0.905, CCCN(CC)CC1=CC=C(OC)C(OC)=C1,,,,
ZINC000035577813,0.905, CCCN[C@@H](CC)C1=CC(OC)=CC=C1OC,,,,
ZINC000020282389,0.905, COC1=CC=C(OC)C(CNC(C)(C)C)=C1,,,,
ZINC000011883619,0.905, COC1=CC=C(C=C1OC)C(C)(C)N,,,,
ZINC000003705305,0.904, CCOC1=CC=CC(=C1)[C@H](C)N,,,,
ZINC000013718059,0.904, CCOC1=CC=CC(CNCCC(C)C)=C1,,,,
ZINC000005817285,0.904, COC1=CC=C(CNCC(C)C)C=C1OC,,,,
ZINC000032497032,0.904, COC1=CC=CC(=C1)[C@H](CN)N1CCCC1,,,,
ZINC000095483751,0.904, COC1=CC=CC(=C1)[C@@H](CN)N1CCCC1,,,,
ZINC000253430662,0.903, CNCC(=O)N[C@@H](C)C1=CC=C(F)C(OC)=C1,,,,
ZINC000005907915,0.903, CC[C@H](C)NCC1=CC=C(OC)C(OC)=C1,,,,
ZINC000019880733,0.903, CCOC1=CC=C(C=C1)[C@H](C)NC(C)C,,,,
ZINC000002567337,0.903, COC1=CC=CC(=C1)[C@@H](C)N,,,,
ZINC000002567338,0.903, COC1=CC=CC(=C1)[C@H](C)N,,,,
ZINC000044513123,0.902, NCC1CCN(CC1)C(=O)OC1=CC=CC=C1,,,,
ZINC000020265025,0.902, CC[C@H](NC)C1=CC(OC)=CC=C1OC,,,,
ZINC000019880732,0.902, CCOC1=CC=C(C=C1)[C@@H](C)NC(C)C,,,,
ZINC000008326774,0.902, CC[C@H](C)NCC1=CC=CC(OC)=C1OC,,,,
ZINC000019737978,0.902, CC(C)NCC1=CC=CC(OC(C)C)=C1,,,,
ZINC000008325192,0.902, CCOC1=CC=CC(CNC2CC2)=C1,,,,
ZINC000006883647,0.902, COC1=CC=CC(CNCC(C)C)=C1OC,,,,
ZINC000004685516,0.902, COC1=CC=CC(CNC(C)C)=C1OC,,,,
ZINC000019802117,0.902, CCN[C@H](C)C1=CC=C2OCCCOC2=C1,,,,
ZINC000007261722,0.901, CCCCNCC1=CC=CC(OCC)=C1,,,,
ZINC000019880636,0.901, CC(C)N[C@H](C)C1=CC=C2OCOC2=C1,,,,
ZINC000035541415,0.901, CCN[C@@H](CC)C1=CC(OC)=CC=C1OC,,,,
ZINC000019737244,0.901, CCCOC1=CC=CC(=C1)[C@@H](C)N,,,,
ZINC000002734180,0.9, CCC(CC)NCC1=CC(OC)=CC=C1OC,,,,
ZINC000019880635,0.9, CC(C)N[C@@H](C)C1=CC=C2OCOC2=C1,,,,
ZINC000012357232,0.9, CC(C)(C)OC(=O)N[C@@H](CN)C1=CC=CC=C1,,,,
ZINC000019480557,0.9, CCCOC1=CC=C(C=C1)[C@H](C)NCC,,,,
ZINC000008494659,0.899, COC1=CC=CC(CNC2CC2)=C1,,,,
ZINC000036092662,0.899, COC1=CC=CC(=C1)[C@H](CN)N1CCC[C@H](C)C1,,,,
ZINC000000228235,0.899, CCC(CC)NCC1=CC(OC)=CC(OC)=C1,,,,
ZINC000002533926,0.899, CNCC1=CC=CC(OC)=C1,,,,
ZINC000034077605,0.899, COC1=CC(=CC(OC)=C1)[C@@H](C)N,,,,
ZINC000038808884,0.899, COC1=CC=CC(=C1)[C@@H](CN)N1CCC(C)CC1,,,,
ZINC000005907272,0.898, CC[C@@H](C)NCC1=CC=C(OC)C(OC)=C1,,,,
ZINC000037465992,0.898, COC1=CC=CC(=C1)[C@H](N)C(C)C,,,,
ZINC000034077604,0.898, COC1=CC(=CC(OC)=C1)[C@H](C)N,,,,
ZINC000037465990,0.898, COC1=CC=CC(=C1)[C@@H](N)C(C)C,,,,
ZINC000019880950,0.897, COC1=CC=C(OC)C(CNC(C)C)=C1,,,,
ZINC000007261333,0.897, CCCCCNCC1=CC=CC(OC)=C1,,,,
ZINC000019883085,0.897, COC1=CC=C(C=C1)[C@@H](C)NCC(C)C,,,,
ZINC000008254327,0.897, CCOC1=CC(CNC(C)(C)C)=CC=C1OC,,,,
ZINC000019883130,0.897, CCOC1=CC=C(C=C1)[C@@H](C)NCC(C)C,,,,
ZINC000013718061,0.897, CCOC1=CC=CC(CNC(C)(C)CC)=C1,,,,
ZINC000022222375,0.897, COC1=CC=CC(=C1)[C@@H](CN)N1CCC[C@@H](C)C1,,,,
ZINC000071510664,0.896, COC1=CC=CC(=C1)[C@@H](N)CC(C)(C)C,,,,
ZINC000108349931,0.896, COC1=CC=CC(=C1)[C@@H](CN)N1CCC[C@H](C)C1,,,,
ZINC000032089741,0.896, COC1=CC=CC(CN(C2CC2)C(=O)CN)=C1,,,,
ZINC000019440225,0.896, CCCN[C@H](C)C1=CC=C2OCOC2=C1,,,,
ZINC000013718031,0.896, COC1=CC=CC(CNCCC(C)C)=C1OC,,,,
ZINC000071510665,0.896, COC1=CC=CC(=C1)[C@H](N)CC(C)(C)C,,,,
ZINC000019883087,0.895, COC1=CC=C(C=C1)[C@H](C)NCC(C)C,,,,
ZINC000006497336,0.895, CCNCC1=CC=CC(OCC2=CC=CC=C2)=C1,,,,
ZINC000038808883,0.895, COC1=CC=CC(=C1)[C@H](CN)N1CCC(C)CC1,,,,
ZINC000195572772,0.895, COC1=CC(=CC=C1)[C@H](NCC=C)C1CC1,,,,
ZINC000019737977,0.895, CC(C)COC1=CC=CC(CNC(C)C)=C1,,,,
ZINC000022145237,0.895, COC1=CC(CNC(C)(C)C)=CC=C1O,,,,
ZINC000013896863,0.895, CCN(CC)CC1=CC=C(OC)C(OC)=C1,,,,
ZINC000032497036,0.894, COC1=CC=CC(=C1)[C@@H](CN)N1CCCCC1,,,,
ZINC000195572773,0.894, COC1=CC(=CC=C1)[C@@H](NCC=C)C1CC1,,,,
ZINC000022222377,0.894, COC1=CC=CC(=C1)[C@H](CN)N1CCC[C@@H](C)C1,,,,
ZINC000000182967,0.894, COC1=CC=C(C)C(CN(C)C)=C1,,,,
ZINC000022143886,0.894, CCCOC1=CC=C(C=C1)[C@H](C)NC,,,,
ZINC000019883247,0.894, COC1=CC=C(OC)C(CNCC(C)C)=C1,,,,
ZINC000007261065,0.894, CCCCCCNCC1=CC=CC(OC)=C1,,,,
ZINC000019840849,0.894, CCCNCC1=CC(OC)=CC(OC)=C1,,,,
ZINC000000393183,0.893, COC1=C(OC)C=C([C@H](C)N(C)C)C(CC=C)=C1,,,,
ZINC000012382216,0.893, COC1=CC=C(CNCCC(C)C)C=C1OC,,,,
ZINC000008253452,0.893, CCOC1=C(CNC(C)(C)C)C=CC=C1OC,,,,
ZINC000037797891,0.893, COC1=CC=CC(CN(C)C(=O)[C@H](C)N)=C1,,,,
ZINC000032497037,0.893, COC1=CC=CC(=C1)[C@H](CN)N1CCCCC1,,,,
ZINC000034655785,0.892, CNCC1=CC(OC)=CC=C1OC(C)C,,,,
ZINC000053788610,0.892, CCCCC[C@@H](N)C1=CC=CC(OC)=C1,,,,
ZINC000000393184,0.892, COC1=C(OC)C=C([C@@H](C)N(C)C)C(CC=C)=C1,,,,
ZINC000037493502,0.892, COC1=CC=CC(CN(C)C(=O)CN)=C1,,,,
ZINC000019511152,0.892, CCCN[C@H](C)C1=CC=C(OCC)C=C1,,,,
ZINC000008494663,0.892, COC1=CC=CC(CNC2CCCCC2)=C1,,,,
ZINC000021954981,0.892, C[C@H](NC1CC1)C1=CC=C2OCCCOC2=C1,,,,
ZINC000039947639,0.892, CNC(C)(C)C1=CC=C2OCOC2=C1,,,,
ZINC000004680595,0.892, CCCCN(C)CC1=CC=C(OC)C(OC)=C1,,,,
ZINC000019512906,0.891, CCN[C@H](C)C1=CC=C(OCC)C=C1,,,,
ZINC000019512904,0.891, CCN[C@@H](C)C1=CC=C(OCC)C=C1,,,,
ZINC000021954977,0.891, C[C@@H](NC1CC1)C1=CC=C2OCCCOC2=C1,,,,
ZINC000019440223,0.89, CCCN[C@@H](C)C1=CC=C2OCOC2=C1,,,,
ZINC000007261334,0.89, CCCCCNCC1=CC=CC(OCC)=C1,,,,
ZINC000007443054,0.89, COC1=CC=CC(CN(CC(N)=O)C(C)C)=C1,,,,
ZINC000002032471,0.89, COC1=CC=C(C=C1)[C@@H](C)N(C)C,,,,
ZINC000005910035,0.89, CNCC1=CC=CC(OCC2=CC=CC=C2)=C1,,,,
ZINC000006743368,0.889, CNCC1=CC=CC(OCC2=CC=C(C)C=C2)=C1,,,,
ZINC000039318901,0.889, CCN(CCN)CC1=CC=CC(OC)=C1,,,,
ZINC000013330587,0.889, CCCCOC1=CC=CC(=C1)[C@H](C)N,,,,
ZINC000011593544,0.889, CC(C)(C)OC(=O)N[C@H](CN)C1=CC=CC=C1,,,,
ZINC000001765117,0.888, COC1=CC=C(C=C1)[C@H](C)N(C)C,,,,
ZINC000013330585,0.888, CCCCOC1=CC=CC(=C1)[C@@H](C)N,,,,
ZINC000032014083,0.888, CC(C)CNCC1=CC=CC(OC(C)C)=C1,,,,
ZINC000034818758,0.888, CCCCOC1=CC=C(C=C1)[C@@H](C)NC,,,,
ZINC000019840830,0.888, COC1=CC(OC)=CC(CNC2CC2)=C1,,,,
ZINC000037466006,0.888, COC1=CC=CC(=C1)[C@@H](N)CC(C)C,,,,
ZINC000037466008,0.888, COC1=CC=CC(=C1)[C@H](N)CC(C)C,,,,
ZINC000022142826,0.888, CCOC1=CC=C(C=C1)[C@H](C)NC1CC1,,,,
ZINC000000293166,0.888, COC1=CC=CC(CN[C@@H]2CCCC[C@@H]2C)=C1,,,,
ZINC000000293171,0.888, COC1=CC=CC(CN[C@H]2CCCC[C@H]2C)=C1,,,,
ZINC000034656056,0.887, CCOC1=CC=C(OC)C=C1CNC(C)C,,,,
ZINC000019882252,0.887, CC[C@@H](C)N[C@@H](C)C1=CC=C(OC)C=C1,,,,
ZINC000000293167,0.887, COC1=CC=CC(CN[C@@H]2CCCC[C@H]2C)=C1,,,,
ZINC000019880607,0.887, COC1=CC=C(C=C1)[C@H](C)NC(C)C,,,,
ZINC000037771564,0.887, COC1=CC=CC(=C1)[C@@H](C)NCC1=CN(C)N=C1,,,,
ZINC000000293168,0.886, COC1=CC=CC(CN[C@H]2CCCC[C@@H]2C)=C1,,,,
ZINC000042405131,0.886, CCOC1=CC=C2CC[C@H](NC)C2=C1,,,,
ZINC000019880604,0.886, COC1=CC=C(C=C1)[C@@H](C)NC(C)C,,,,
ZINC000043374430,0.886, COC1=CC=CC(=C1)[C@H](N)CCC(C)C,,,,
ZINC000006430891,0.886, CCCNCC1=CC=C(OC)C(OC)=C1,,,,
ZINC000006601487,0.886, CCOC1=CC=C(C=C1)[C@@H](C)NC,,,,
ZINC000019884615,0.885, COC1=CC=CC(CNCC2CC2)=C1,,,,
ZINC000222638048,0.885, CCOC1=CC=C(C=C1OC)[C@H](CC)NC,,,,
ZINC000019515619,0.885, CCCN[C@H](C)C1=CC=C(OC)C=C1,,,,
ZINC000084388797,0.885, CC[C@@H](NC)C1=CC=CC(OC)=C1OC,,,,
ZINC000079420957,0.885, COC1=CC=CC(CN(C2CC2)C(=O)[C@H](C)N)=C1,,,,
ZINC000019882260,0.885, CC[C@H](C)N[C@H](C)C1=CC=C(OC)C=C1,,,,
ZINC000019882255,0.885, CC[C@H](C)N[C@@H](C)C1=CC=C(OC)C=C1,,,,
ZINC000019882258,0.885, CC[C@@H](C)N[C@H](C)C1=CC=C(OC)C=C1,,,,
ZINC000004206312,0.885, CCNCC1=CC=C(OC)C(OC)=C1,,,,
ZINC000001714971,0.885, COC1=CC(CNCC2=CC=CC=C2)=CC=C1O,,,,
ZINC000043374428,0.885, COC1=CC=CC(=C1)[C@@H](N)CCC(C)C,,,,
ZINC000019515617,0.884, CCCN[C@@H](C)C1=CC=C(OC)C=C1,,,,
ZINC000008325206,0.884, CCOC1=CC(CNCC=C)=CC=C1,,,,
ZINC000008325976,0.884, CCOC1=CC(CN[C@H](C)CC)=CC=C1OC,,,,
ZINC000003705557,0.884, COC1=CC(C)=C(C=C1OC)[C@H](C)N,,,,
ZINC000002573239,0.884, CCOC1=CC=C(C=C1)[C@H](C)NC,,,,
ZINC000019919146,0.884, CCN(CC)CCNCC1=CC=CC(OC)=C1,,,,
ZINC000037771563,0.883, COC1=CC=CC(=C1)[C@H](C)NCC1=CN(C)N=C1,,,,
ZINC000032497098,0.883, COC1=CC=C(C=C1OC)[C@H](CN)N(C)C,,,,
ZINC000032497097,0.883, COC1=CC=C(C=C1OC)[C@@H](CN)N(C)C,,,,
ZINC000019776964,0.883, CNCC1=CC=C(OC(C)C)C(OC)=C1,,,,
ZINC000019777501,0.883, CNCC1=CC=CC(OCC2=CC=CC(C)=C2)=C1,,,,
ZINC000037678133,0.883, CCOC1=CC=CC(CNCC2CC2)=C1,,,,
ZINC000019882755,0.883, CC[C@@H](C)NCC1=CC(OC)=CC=C1OC,,,,
ZINC000008495173,0.883, COC1=CC=CC(CNC2CCCCC2)=C1OC,,,,
ZINC000053788609,0.882, CCCCC[C@H](N)C1=CC=CC(OC)=C1,,,,
ZINC000004125501,0.882, CN[C@H](C)C1=CC=C2OCCOC2=C1,,,,
ZINC000035541416,0.881, CCN[C@H](CC)C1=CC(OC)=CC=C1OC,,,,
ZINC000003705556,0.881, COC1=CC(C)=C(C=C1OC)[C@@H](C)N,,,,
ZINC000019907014,0.881, CCCCN[C@H](C)C1=CC=C(OC)C=C1,,,,
ZINC000019511150,0.88, CCCN[C@@H](C)C1=CC=C(OCC)C=C1,,,,
ZINC000010436100,0.88, CCOC1=CC(CNC(C)C)=CC=C1OC,,,,
ZINC000253430657,0.88, CNCC(=O)N[C@H](C)C1=CC=C(F)C(OC)=C1,,,,
ZINC000094986174,0.88, CC(C)(N)C1=CC=CC(OCC2=CC=CC=C2)=C1,,,,
ZINC000022215823,0.88, CCNC(=O)COC1=CC=CC(=C1)[C@@H](C)N,,,,
ZINC000074244373,0.88, CC[C@H](N)C1=CC(OC)=CC(OC)=C1,,,,
ZINC000007262367,0.88, CCCNCC1=CC=C(OC)C(OCC)=C1,,,,
ZINC000009245940,0.88, COC1=CC=C(C=C1OC)[C@@H](N)C(C)C,,,,
ZINC000022142823,0.879, CCOC1=CC=C(C=C1)[C@@H](C)NC1CC1,,,,
ZINC000010436122,0.879, COC1=CC(CNC(C)C)=CC(OC)=C1OC,,,,
ZINC000004312902,0.879, COC1=CC=C(C=C1OC)[C@@H](N)C1=CC=CC=C1,,,,
ZINC000022215827,0.879, CCNC(=O)COC1=CC=CC(=C1)[C@H](C)N,,,,
ZINC000019777498,0.879, CNCC1=CC=CC(OCC2=CC=CC=C2C)=C1,,,,
ZINC000019907013,0.879, CCCCN[C@@H](C)C1=CC=C(OC)C=C1,,,,
ZINC000037680437,0.878, COC1=CC=CC(CNC(=O)[C@@H](N)C(C)C)=C1,,,,
ZINC000053788606,0.878, CCCC[C@@H](N)C1=CC=CC(OC)=C1,,,,
ZINC000020924876,0.878, CCCOC1=CC=CC(CNCC(C)C)=C1,,,,
ZINC000002563755,0.878, CNCC1=CC(OC)=CC(OC)=C1,,,,
ZINC000000874542,0.878, COC1=CC=C(OC)C(=C1)[C@H](C)N,,,,
ZINC000020264961,0.878, CC[C@@H](N)C1=CC=CC(OC)=C1,,,,
ZINC000087774261,0.878, CC(C)NCC1=CC=CC(OCCF)=C1,,,,
ZINC000004206001,0.877, CNCC1=CC(OC)=C(OC)C=C1C,,,,
ZINC000020264964,0.877, CC[C@H](N)C1=CC=CC(OC)=C1,,,,
ZINC000008254334,0.877, CCOC1=CC(CNCC(C)C)=CC=C1OC,,,,
ZINC000053788605,0.877, CCCC[C@H](N)C1=CC=CC(OC)=C1,,,,
ZINC000008493704,0.877, COC1=CC=C(CNC2CC2)C=C1OC,,,,
ZINC000000874543,0.877, COC1=CC=C(OC)C(=C1)[C@@H](C)N,,,,
ZINC000008326725,0.876, CCOC1=CC(CN[C@@H](C)CC)=CC=C1OC,,,,
ZINC000019880355,0.876, COC1=CC(CNC(C)C)=CC=C1O,,,,
ZINC000006701511,0.876, COC1=CC=CC(CNCC2=CC=C(F)C=C2)=C1,,,,
ZINC000019882757,0.876, CC[C@H](C)NCC1=CC(OC)=CC=C1OC,,,,
ZINC000002090470,0.876, CCCCNCC1=CC=C(OC)C(OC)=C1,,,,
ZINC000009245941,0.876, COC1=CC=C(C=C1OC)[C@H](N)C(C)C,,,,
ZINC000000296167,0.876, COC1=CC=C(C=C1OC)[C@@H](C)N,,,,
ZINC000013731195,0.876, CCOC1=C(OC)C=C(CNC)C=C1CC=C,,,,
ZINC000019883181,0.876, CC[C@H](NCC(C)C)C1=CC=C(OC)C=C1,,,,
ZINC000005379855,0.876, COC1=CC=C(CN)C(=C1)C(C)(C)C,,,,
ZINC000004838799,0.876, COC1=CC=CC(=C1)C(=O)NCCCN(C)C,,,,
ZINC000037466000,0.876, CCC[C@@H](N)C1=CC=CC(OC)=C1,,,,
ZINC000003705634,0.875, C[C@H](N)C1=CC=CC(OCC2=CC=CC=C2)=C1,,,,
ZINC000065496300,0.875, COC1=CC=C(CN(C)CC2(C)CC2)C=C1OC,,,,
ZINC000020924851,0.875, CCCOC1=CC=CC(CNCC)=C1,,,,
ZINC000037465998,0.875, CCC[C@H](N)C1=CC=CC(OC)=C1,,,,
ZINC000004987639,0.875, CCCN(CC1CC1)CC1=CC=C(O)C(OC)=C1,,,,
ZINC000019882924,0.875, COC1=CC(CNCC(C)C)=CC=C1O,,,,
ZINC000020265022,0.874, CC[C@@H](NC)C1=CC(OC)=CC=C1OC,,,,
ZINC000019433392,0.874, CCCNCC1=CC(OC)=CC=C1OC,,,,
ZINC000037491241,0.874, COC1=CC=CC(CNC(=O)[C@H](C)N)=C1,,,,
ZINC000000263333,0.874, COC1=CC=CC(CNC2CCCC2)=C1,,,,
ZINC000019880368,0.874, CCOC1=CC(CNC(C)C)=CC=C1O,,,,
ZINC000004681798,0.874, CCN(CC)CC1=CC=CC(OC)=C1OC,,,,
ZINC000000296164,0.873, COC1=CC=C(C=C1OC)[C@H](C)N,,,,
ZINC000004312901,0.873, COC1=CC=C(C=C1OC)[C@H](N)C1=CC=CC=C1,,,,
ZINC000010436097,0.873, CCOC1=CC=C(CNC(C)C)C=C1OCC,,,,
ZINC000008728030,0.873, CNCC1=CC(OCC=C)=CC=C1,,,,
ZINC000005013440,0.873, COC1=CC=C(CNC2CCCCC2)C=C1OC,,,,
ZINC000042405129,0.872, CCOC1=CC=C2CC[C@@H](NC)C2=C1,,,,
ZINC000008253459,0.872, CCOC1=C(CNCC(C)C)C=CC=C1OC,,,,
ZINC000040540098,0.872, CCCN(C)CC1=CC=C(OC)C(OC)=C1,,,,
ZINC000083342735,0.872, COC1=CC(CNC(C)C)=CC=C1F,,,,
ZINC000004795874,0.872, COC1=CC=CC(CNCC2=CC=CC=C2)=C1O,,,,
ZINC000070980236,0.872, CCN(C)CC1=CC=C(OC)C(OC)=C1,,,,
ZINC000006702744,0.871, CCOC1=CC=CC(CNC2CCCC2)=C1,,,,
ZINC000019882931,0.871, CCOC1=CC(CNCC(C)C)=CC=C1O,,,,
ZINC000004218941,0.871, CCOC1=CC=C(C=C1OCC)[C@H](N)C(C)C,,,,
ZINC000004746111,0.87, COC1=CC=C(CNC(C)C)C2=CC=CC=C12,,,,
ZINC000083346634,0.87, COC1=CC(CNCC(C)C)=CC=C1F,,,,
ZINC000019883132,0.87, CCOC1=CC=C(C=C1)[C@H](C)NCC(C)C,,,,
ZINC000096027256,0.87, CN[C@@]1(CCCCC1=O)C1=CC=CC(OC)=C1,,,,
ZINC000020924882,0.87, CCCOC1=CC=CC(CN[C@@H](C)CC)=C1,,,,
ZINC000032013708,0.87, COC1=CC=CC(CN(CCN)C2CC2)=C1,,,,
ZINC000019883180,0.87, CC[C@@H](NCC(C)C)C1=CC=C(OC)C=C1,,,,
ZINC000008326023,0.869, CC[C@@H](C)NCC1=CC=CC(OC)=C1OC,,,,
ZINC000000277292,0.869, COC1=CC(OC)=CC(CN[C@H]2CC[C@H](C)C2)=C1,,,,
ZINC000008494668,0.869, COC1=CC(CNCC=C)=CC=C1,,,,
ZINC000019881842,0.869, CC[C@@H](C)NCC1=CC=C(O)C(OC)=C1,,,,
ZINC000019881868,0.869, CCOC1=CC(CN[C@H](C)CC)=CC=C1O,,,,
ZINC000022150589,0.869, C[C@H](NC1CC1)C1=CC=C2OCOC2=C1,,,,
ZINC000000185112,0.869, CCC(=O)OC1=CC=C(CNC(C)(C)C)C=C1,,,,
ZINC000019442064,0.869, CCN[C@@H](C)C1=CC=C(OC)C=C1,,,,
ZINC000005004977,0.869, COC1=CC=C(CNC(C)C)C(OC)=C1OC,,,,
ZINC000022150584,0.869, C[C@@H](NC1CC1)C1=CC=C2OCOC2=C1,,,,
ZINC000019502554,0.868, CCNCC1=CC(OC)=CC=C1OC,,,,
ZINC000019907129,0.868, CCCCNCC1=CC(OC)=CC=C1OC,,,,
ZINC000019442066,0.868, CCN[C@H](C)C1=CC=C(OC)C=C1,,,,
ZINC000008254332,0.868, CCOC1=CC(CNC2CC2)=CC=C1OC,,,,
ZINC000019881844,0.868, CC[C@H](C)NCC1=CC=C(O)C(OC)=C1,,,,
ZINC000012382637,0.868, COC1=CC(CNC(C)C)=CC=C1OC(C)C,,,,
ZINC000019884605,0.868, COC1=CC=C(CNCC2CC2)C=C1OC,,,,
ZINC000037491240,0.868, COC1=CC=CC(CNC(=O)CN)=C1,,,,
ZINC000028966192,0.868, COC1=CC=CC(=C1)C1(N)CCCCC1,,,,
ZINC000008227256,0.867, CCNCC1=CC=C(OC)C(OCC)=C1,,,,